Row ID,Actual,Weighted vote margin,Poisonous probability
5288,1,0.4244991368168071,0.6045593509569854
5552,1,0.34396485510998137,0.5851533110018066
7377,0,-0.3164348235422521,0.4215448535408599
5963,1,0.23989103537542777,0.5596867964736852
2541,0,-0.5055830273096378,0.3762295364737719
4967,1,0.23989103537542777,0.5596867964736852
6733,1,0.39996810259531645,0.5986799963940918
5423,1,0.23989103537542777,0.5596867964736852
1363,0,-0.7031222990224324,0.33112033784031114
7190,1,0.8412175094433505,0.6987215755866545
4334,1,0.4244991368168071,0.6045593509569854
152,0,-0.5667272097825353,0.3619923465542118
3310,0,-0.5265725214483482,0.3713166471397773
7712,0,-0.3164348235422521,0.4215448535408599
353,0,-0.552861274022206,0.36520082668142667
5609,1,0.43394803585524355,0.6068160278154359
5656,1,0.4244991368168071,0.6045593509569854
6173,1,0.8412175094433505,0.6987215755866545
4415,1,0.4244991368168071,0.6045593509569854
7321,1,0.39996810259531645,0.5986799963940918
1136,0,-0.5265725214483482,0.3713166471397773
708,0,-0.5738507681609163,0.3603487558267963
234,0,-0.5667272097825353,0.3619923465542118
6041,1,0.39996810259531645,0.5986799963940918
5621,1,0.43394803585524355,0.6068160278154359
7547,0,-0.5265725214483482,0.3713166471397773
2014,0,-0.61313911827717,0.35134345558345614
1973,0,-0.5055830273096378,0.3762295364737719
1907,0,-0.5265725214483482,0.3713166471397773
4703,1,0.4244991368168071,0.6045593509569854
969,0,-0.6821328048837221,0.33578544900290686
6930,1,0.39996810259531645,0.5986799963940918
7768,1,0.39996810259531645,0.5986799963940918
2376,0,-0.5055830273096378,0.3762295364737719
3119,1,0.29374424633759577,0.5729125383206883
5315,1,0.4244991368168071,0.6045593509569854
222,0,-0.38225740697890315,0.4055825535342703
4321,1,0.4244991368168071,0.6045593509569854
3064,1,0.4244991368168071,0.6045593509569854
1053,0,-0.37513384860052224,0.4073010876677777
6212,1,0.8412175094433505,0.6987215755866545
2388,1,0.31154471293661423,0.5772622631877472
2632,0,-0.5265725214483482,0.3713166471397773
3820,0,-0.5055830273096378,0.3762295364737719
7302,1,0.39996810259531645,0.5986799963940918
2387,0,-0.5921496241384597,0.3561417828556476
7487,1,0.39996810259531645,0.5986799963940918
7555,0,-0.4732901212788314,0.38383781224214003
7844,0,-0.4732901212788314,0.38383781224214003
3693,0,-0.5265725214483482,0.3713166471397773
6471,1,0.8412175094433505,0.6987215755866545
7280,0,-0.3164348235422521,0.4215448535408599
5955,1,0.1255727134912882,0.5313519913562715
4860,0,-0.403001420371074,0.4005914304677475
955,0,-0.5457377156438249,0.366853855729961
3175,0,-0.5265725214483482,0.3713166471397773
3339,1,0.4244991368168071,0.6045593509569854
6251,1,0.39996810259531645,0.5986799963940918
6746,1,0.8412175094433505,0.6987215755866545
4358,1,0.4244991368168071,0.6045593509569854
4687,1,0.4244991368168071,0.6045593509569854
5602,1,0.8412175094433505,0.6987215755866545
84,0,-0.3541443544618118,0.4123777879966746
1066,0,-0.552861274022206,0.36520082668142667
3800,0,-0.5265725214483482,0.3713166471397773
1626,0,-0.61313911827717,0.35134345558345614
3788,0,-0.5265725214483482,0.3713166471397773
758,0,-0.5738507681609163,0.3603487558267963
3896,0,-0.5055830273096378,0.3762295364737719
1743,0,-0.6821328048837221,0.33578544900290686
1170,0,-0.5921496241384597,0.3561417828556476
1220,0,-0.3612679128401927,0.41065267468422645
3062,1,0.4244991368168071,0.6045593509569854
7345,1,0.39996810259531645,0.5986799963940918
7926,1,0.39996810259531645,0.5986799963940918
3053,0,-0.5265725214483482,0.3713166471397773
809,0,-0.2297464371021861,0.44281470602772943
4417,0,-0.5055830273096378,0.3762295364737719
3901,1,0.4244991368168071,0.6045593509569854
6473,1,0.39996810259531645,0.5986799963940918
6353,1,0.39996810259531645,0.5986799963940918
1610,0,-0.5921496241384597,0.3561417828556476
5263,1,0.34396485510998137,0.5851533110018066
1891,0,-0.7031222990224324,0.33112033784031114
3587,0,-0.5055830273096378,0.3762295364737719
1152,1,0.31154471293661423,0.5772622631877472
4040,1,0.4244991368168071,0.6045593509569854
857,0,-0.5738507681609163,0.3603487558267963
1284,0,-0.5921496241384597,0.3561417828556476
4503,1,0.4244991368168071,0.6045593509569854
3189,0,-0.5055830273096378,0.3762295364737719
451,0,-0.5457377156438249,0.366853855729961
6572,1,0.8412175094433505,0.6987215755866545
583,0,-0.38225740697890315,0.4055825535342703
1229,0,-0.5055830273096378,0.3762295364737719
5712,1,0.43394803585524355,0.6068160278154359
3033,0,-0.5265725214483482,0.3713166471397773
5524,1,0.4244991368168071,0.6045593509569854
3523,0,-0.5265725214483482,0.3713166471397773
1652,0,-0.6821328048837221,0.33578544900290686
5644,1,0.39996810259531645,0.5986799963940918
7338,1,0.8412175094433505,0.6987215755866545
7397,1,0.39996810259531645,0.5986799963940918
5179,0,-0.403001420371074,0.4005914304677475
6977,1,0.39996810259531645,0.5986799963940918
4166,1,0.4244991368168071,0.6045593509569854
6266,1,0.39996810259531645,0.5986799963940918
3877,0,-0.5265725214483482,0.3713166471397773
5177,1,0.23989103537542777,0.5596867964736852
4357,0,-0.403001420371074,0.4005914304677475
1212,0,-0.3612679128401927,0.41065267468422645
2784,0,-0.5055830273096378,0.3762295364737719
593,1,0.31154471293661423,0.5772622631877472
3939,1,0.29374424633759577,0.5729125383206883
3140,0,-0.5055830273096378,0.3762295364737719
6033,1,0.8412175094433505,0.6987215755866545
5819,1,0.39996810259531645,0.5986799963940918
3889,1,0.4244991368168071,0.6045593509569854
2383,0,-0.5055830273096378,0.3762295364737719
2111,0,-0.5265725214483482,0.3713166471397773
1333,0,-0.7031222990224324,0.33112033784031114
4311,1,0.4244991368168071,0.6045593509569854
3452,1,0.29374424633759577,0.5729125383206883
7707,1,0.8412175094433505,0.6987215755866545
2329,0,-0.5055830273096378,0.3762295364737719
6730,1,0.8412175094433505,0.6987215755866545
770,0,-0.5738507681609163,0.3603487558267963
121,0,-0.5738507681609163,0.3603487558267963
6148,1,0.39996810259531645,0.5986799963940918
6560,1,0.39996810259531645,0.5986799963940918
845,0,-0.7031222990224324,0.33112033784031114
7531,0,-0.4732901212788314,0.38383781224214003
1485,1,0.33253420707532466,0.5823758603985844
6089,1,0.39996810259531645,0.5986799963940918
3532,0,-0.5055830273096378,0.3762295364737719
5548,1,0.23989103537542777,0.5596867964736852
864,0,-0.5738507681609163,0.3603487558267963
6987,1,0.8412175094433505,0.6987215755866545
1254,1,0.31154471293661423,0.5772622631877472
4530,1,0.4244991368168071,0.6045593509569854
2935,0,-0.5055830273096378,0.3762295364737719
5214,1,0.43394803585524355,0.6068160278154359
7294,1,0.39996810259531645,0.5986799963940918
6594,1,0.39996810259531645,0.5986799963940918
3794,1,0.3147337404763063,0.5780402909501148
7619,1,0.39996810259531645,0.5986799963940918
4331,1,0.1255727134912882,0.5313519913562715
6902,1,0.39996810259531645,0.5986799963940918
7165,1,0.39996810259531645,0.5986799963940918
7684,1,0.39996810259531645,0.5986799963940918
7117,1,0.39996810259531645,0.5986799963940918
2035,0,-0.61313911827717,0.35134345558345614
1587,0,-0.61313911827717,0.35134345558345614
8048,1,0.39996810259531645,0.5986799963940918
4543,1,0.4244991368168071,0.6045593509569854
803,0,-0.5457377156438249,0.366853855729961
6885,1,0.39996810259531645,0.5986799963940918
7927,0,-0.4732901212788314,0.38383781224214003
6699,1,0.39996810259531645,0.5986799963940918
3398,0,-0.5265725214483482,0.3713166471397773
5980,0,-0.2357414283821803,0.4413360741164819
5154,1,0.1255727134912882,0.5313519913562715
6076,1,0.39996810259531645,0.5986799963940918
5401,0,-0.06602064769072472,0.48350083058845356
5227,1,0.8412175094433505,0.6987215755866545
1866,0,-0.5265725214483482,0.3713166471397773
20,0,-0.5738507681609163,0.3603487558267963
8114,1,0.33169838888736586,0.5821725635465187
7208,0,-0.3164348235422521,0.4215448535408599
5335,0,-0.06602064769072472,0.48350083058845356
3549,0,-0.5055830273096378,0.3762295364737719
2936,0,-0.5265725214483482,0.3713166471397773
4390,1,0.4244991368168071,0.6045593509569854
1143,0,-0.6821328048837221,0.33578544900290686
4921,1,0.3147337404763063,0.5780402909501148
7741,0,-0.4732901212788314,0.38383781224214003
2742,0,-0.5055830273096378,0.3762295364737719
6794,1,0.39996810259531645,0.5986799963940918
276,0,-0.38225740697890315,0.4055825535342703
1291,0,-0.61313911827717,0.35134345558345614
1705,0,-0.6821328048837221,0.33578544900290686
3038,0,-0.5055830273096378,0.3762295364737719
2951,0,-0.5265725214483482,0.3713166471397773
1613,1,0.33253420707532466,0.5823758603985844
4430,1,0.4244991368168071,0.6045593509569854
3937,0,-0.5055830273096378,0.3762295364737719
7216,1,0.39996810259531645,0.5986799963940918
7459,0,-0.4732901212788314,0.38383781224214003
6677,1,0.39996810259531645,0.5986799963940918
5141,1,0.8412175094433505,0.6987215755866545
509,0,-0.18959174876799845,0.4527435310161049
3804,1,0.3147337404763063,0.5780402909501148
7059,1,0.39996810259531645,0.5986799963940918
1733,0,-0.61313911827717,0.35134345558345614
1236,0,-0.5921496241384597,0.3561417828556476
62,0,-0.5667272097825353,0.3619923465542118
5330,1,0.4244991368168071,0.6045593509569854
5939,0,-0.403001420371074,0.4005914304677475
587,0,-0.16860225462928802,0.45794900350564305
990,0,-0.5457377156438249,0.366853855729961
5352,1,0.4244991368168071,0.6045593509569854
4286,1,0.4244991368168071,0.6045593509569854
6954,1,0.8412175094433505,0.6987215755866545
3916,0,-0.5265725214483482,0.3713166471397773
3307,0,-0.5265725214483482,0.3713166471397773
7134,0,-0.3164348235422521,0.4215448535408599
5346,1,0.39996810259531645,0.5986799963940918
168,0,-0.3541443544618118,0.4123777879966746
1207,1,0.33253420707532466,0.5823758603985844
1508,0,-0.7031222990224324,0.33112033784031114
7308,1,0.8412175094433505,0.6987215755866545
5456,1,0.34396485510998137,0.5851533110018066
6998,0,-0.3164348235422521,0.4215448535408599
7556,1,0.39996810259531645,0.5986799963940918
6897,1,0.39996810259531645,0.5986799963940918
3644,1,0.4244991368168071,0.6045593509569854
7725,0,-0.3164348235422521,0.4215448535408599
3355,0,-0.5055830273096378,0.3762295364737719
3008,0,-0.5055830273096378,0.3762295364737719
961,0,-0.5921496241384597,0.3561417828556476
7076,1,0.39996810259531645,0.5986799963940918
3329,0,-0.5055830273096378,0.3762295364737719
7969,1,0.39996810259531645,0.5986799963940918
1059,0,-0.61313911827717,0.35134345558345614
6965,1,0.39996810259531645,0.5986799963940918
2501,0,-0.61313911827717,0.35134345558345614
5492,0,-0.403001420371074,0.4005914304677475
7082,1,0.8412175094433505,0.6987215755866545
3968,1,0.4244991368168071,0.6045593509569854
6600,1,0.39996810259531645,0.5986799963940918
4495,1,0.4244991368168071,0.6045593509569854
4647,0,-0.2357414283821803,0.4413360741164819
6714,1,0.39996810259531645,0.5986799963940918
4397,1,0.4244991368168071,0.6045593509569854
7890,0,-0.3164348235422521,0.4215448535408599
6694,1,0.39996810259531645,0.5986799963940918
7539,1,0.39996810259531645,0.5986799963940918
7644,0,-0.3164348235422521,0.4215448535408599
7257,1,0.8412175094433505,0.6987215755866545
238,0,-0.3541443544618118,0.4123777879966746
7376,0,-0.4732901212788314,0.38383781224214003
4534,0,-0.403001420371074,0.4005914304677475
6553,1,0.39996810259531645,0.5986799963940918
4489,1,0.4244991368168071,0.6045593509569854
2454,0,-0.5055830273096378,0.3762295364737719
7483,1,0.1255727134912882,0.5313519913562715
651,0,-0.5667272097825353,0.3619923465542118
5062,1,0.4244991368168071,0.6045593509569854
525,0,-0.5667272097825353,0.3619923465542118
4708,1,0.23989103537542777,0.5596867964736852
2777,0,-0.5055830273096378,0.3762295364737719
4428,1,0.4244991368168071,0.6045593509569854
915,0,-0.5738507681609163,0.3603487558267963
6749,1,0.39996810259531645,0.5986799963940918
7347,1,0.8412175094433505,0.6987215755866545
1989,1,0.33253420707532466,0.5823758603985844
1108,0,-0.5667272097825353,0.3619923465542118
3151,0,-0.5265725214483482,0.3713166471397773
829,0,-0.21172737021607466,0.447265012854208
4726,1,0.4244991368168071,0.6045593509569854
3473,1,0.4244991368168071,0.6045593509569854
5185,0,-0.15600382843598712,0.46107794868519364
868,0,-0.18959174876799845,0.4527435310161049
6874,1,0.39996810259531645,0.5986799963940918
2401,0,-0.5055830273096378,0.3762295364737719
8074,0,-0.3164348235422521,0.4215448535408599
1193,0,-0.37513384860052224,0.4073010876677777
2331,0,-0.5055830273096378,0.3762295364737719
7767,1,0.8412175094433505,0.6987215755866545
1542,0,-0.5921496241384597,0.3561417828556476
7970,0,-0.4732901212788314,0.38383781224214003
7414,1,0.8412175094433505,0.6987215755866545
2779,0,-0.5055830273096378,0.3762295364737719
4644,1,0.4244991368168071,0.6045593509569854
4491,0,-0.15600382843598712,0.46107794868519364
5709,1,0.39996810259531645,0.5986799963940918
3917,1,0.4244991368168071,0.6045593509569854
3447,1,0.4244991368168071,0.6045593509569854
8097,1,0.39996810259531645,0.5986799963940918
5550,1,0.34396485510998137,0.5851533110018066
3458,0,-0.5055830273096378,0.3762295364737719
4256,1,0.4244991368168071,0.6045593509569854
2697,1,0.4244991368168071,0.6045593509569854
4856,1,0.4244991368168071,0.6045593509569854
189,0,-0.38225740697890315,0.4055825535342703
833,0,-0.37513384860052224,0.4073010876677777
2885,0,-0.5055830273096378,0.3762295364737719
4258,1,0.4244991368168071,0.6045593509569854
870,0,-0.3612679128401927,0.41065267468422645
7382,1,0.39996810259531645,0.5986799963940918
5334,1,0.34396485510998137,0.5851533110018066
4985,1,0.4244991368168071,0.6045593509569854
912,0,-0.5457377156438249,0.366853855729961
7783,0,-0.3164348235422521,0.4215448535408599
5373,1,0.43394803585524355,0.6068160278154359
4044,1,0.4244991368168071,0.6045593509569854
1739,1,0.31154471293661423,0.5772622631877472
4684,1,0.4244991368168071,0.6045593509569854
2928,0,-0.5265725214483482,0.3713166471397773
998,0,-0.5667272097825353,0.3619923465542118
3561,0,-0.5055830273096378,0.3762295364737719
5613,1,0.4244991368168071,0.6045593509569854
7588,1,0.39996810259531645,0.5986799963940918
4463,1,0.4244991368168071,0.6045593509569854
2172,0,-0.5265725214483482,0.3713166471397773
341,0,-0.552861274022206,0.36520082668142667
1237,0,-0.7031222990224324,0.33112033784031114
342,0,-0.552861274022206,0.36520082668142667
4335,1,0.4244991368168071,0.6045593509569854
3741,1,0.4244991368168071,0.6045593509569854
8039,1,0.8412175094433505,0.6987215755866545
8044,0,-0.4732901212788314,0.38383781224214003
6823,1,0.39996810259531645,0.5986799963940918
4011,1,0.4244991368168071,0.6045593509569854
1688,0,-0.5265725214483482,0.3713166471397773
6863,1,0.39996810259531645,0.5986799963940918
2560,1,0.3147337404763063,0.5780402909501148
2414,0,-0.5265725214483482,0.3713166471397773
4839,1,0.4244991368168071,0.6045593509569854
1092,0,-0.7031222990224324,0.33112033784031114
1646,0,-0.5667272097825353,0.3619923465542118
911,0,-0.6821328048837221,0.33578544900290686
3344,0,-0.5265725214483482,0.3713166471397773
7861,1,0.8412175094433505,0.6987215755866545
1840,0,-0.5921496241384597,0.3561417828556476
6831,1,0.39996810259531645,0.5986799963940918
1876,0,-0.5265725214483482,0.3713166471397773
3291,0,-0.5265725214483482,0.3713166471397773
2868,0,-0.5265725214483482,0.3713166471397773
418,0,-0.5457377156438249,0.366853855729961
3665,0,-0.5265725214483482,0.3713166471397773
5050,1,0.4244991368168071,0.6045593509569854
4771,1,0.4244991368168071,0.6045593509569854
6935,1,0.39996810259531645,0.5986799963940918
5928,1,0.8412175094433505,0.6987215755866545
4221,1,0.4244991368168071,0.6045593509569854
3115,0,-0.5055830273096378,0.3762295364737719
7918,0,-0.3164348235422521,0.4215448535408599
4373,1,0.4244991368168071,0.6045593509569854
23,0,-0.5738507681609163,0.3603487558267963
7225,1,0.39996810259531645,0.5986799963940918
2626,0,-0.5265725214483482,0.3713166471397773
4419,0,-0.403001420371074,0.4005914304677475
334,0,-0.5667272097825353,0.3619923465542118
2101,0,-0.5265725214483482,0.3713166471397773
1358,0,-0.61313911827717,0.35134345558345614
395,0,-0.7031222990224324,0.33112033784031114
5992,1,0.23989103537542777,0.5596867964736852
2633,0,-0.5265725214483482,0.3713166471397773
6674,1,0.8412175094433505,0.6987215755866545
4421,1,0.4244991368168071,0.6045593509569854
6819,1,0.39996810259531645,0.5986799963940918
7461,1,0.39996810259531645,0.5986799963940918
180,1,0.31154471293661423,0.5772622631877472
2942,0,-0.5265725214483482,0.3713166471397773
2037,0,-0.7031222990224324,0.33112033784031114
2009,1,0.31154471293661423,0.5772622631877472
999,1,0.33253420707532466,0.5823758603985844
3063,0,-0.5265725214483482,0.3713166471397773
5645,0,-0.403001420371074,0.4005914304677475
2802,0,-0.5265725214483482,0.3713166471397773
1758,0,-0.5265725214483482,0.3713166471397773
3671,0,-0.5055830273096378,0.3762295364737719
7160,1,0.39996810259531645,0.5986799963940918
575,0,-0.5667272097825353,0.3619923465542118
6648,1,0.39996810259531645,0.5986799963940918
1980,0,-0.61313911827717,0.35134345558345614
3328,1,0.4244991368168071,0.6045593509569854
1067,0,-0.61313911827717,0.35134345558345614
3021,0,-0.5055830273096378,0.3762295364737719
1847,0,-0.5265725214483482,0.3713166471397773
6002,1,0.8412175094433505,0.6987215755866545
3830,0,-0.5265725214483482,0.3713166471397773
3156,1,0.29374424633759577,0.5729125383206883
778,0,-0.5667272097825353,0.3619923465542118
2360,0,-0.5265725214483482,0.3713166471397773
1430,0,-0.7031222990224324,0.33112033784031114
2337,0,-0.5265725214483482,0.3713166471397773
7936,1,0.8412175094433505,0.6987215755866545
7990,1,0.8412175094433505,0.6987215755866545
1696,0,-0.6821328048837221,0.33578544900290686
4514,1,0.4244991368168071,0.6045593509569854
1578,0,-0.6821328048837221,0.33578544900290686
1432,1,0.33253420707532466,0.5823758603985844
1456,0,-0.61313911827717,0.35134345558345614
7814,0,-0.3164348235422521,0.4215448535408599
513,0,-0.18959174876799845,0.4527435310161049
2862,0,-0.5055830273096378,0.3762295364737719
3461,0,-0.5055830273096378,0.3762295364737719
6643,1,0.8412175094433505,0.6987215755866545
4018,0,-0.5265725214483482,0.3713166471397773
4245,1,0.43394803585524355,0.6068160278154359
4344,1,0.4244991368168071,0.6045593509569854
6167,1,0.39996810259531645,0.5986799963940918
6498,1,0.39996810259531645,0.5986799963940918
2854,0,-0.5265725214483482,0.3713166471397773
7715,1,0.39996810259531645,0.5986799963940918
169,0,-0.552861274022206,0.36520082668142667
141,0,-0.5457377156438249,0.366853855729961
2167,0,-0.5055830273096378,0.3762295364737719
2938,0,-0.5265725214483482,0.3713166471397773
206,0,-0.5738507681609163,0.3603487558267963
2426,1,0.3147337404763063,0.5780402909501148
401,0,-0.552861274022206,0.36520082668142667
1364,0,-0.7031222990224324,0.33112033784031114
5680,1,0.1255727134912882,0.5313519913562715
8035,0,-0.3164348235422521,0.4215448535408599
7149,1,0.39996810259531645,0.5986799963940918
7323,1,0.33169838888736586,0.5821725635465187
3111,0,-0.5055830273096378,0.3762295364737719
7472,1,0.39996810259531645,0.5986799963940918
4814,1,0.1255727134912882,0.5313519913562715
6915,1,0.8412175094433505,0.6987215755866545
7582,1,0.39996810259531645,0.5986799963940918
1206,0,-0.5921496241384597,0.3561417828556476
1511,0,-0.5921496241384597,0.3561417828556476
4012,0,-0.5055830273096378,0.3762295364737719
3400,1,0.3147337404763063,0.5780402909501148
184,0,-0.3612679128401927,0.41065267468422645
4401,1,0.4244991368168071,0.6045593509569854
825,0,-0.5457377156438249,0.366853855729961
1369,0,-0.61313911827717,0.35134345558345614
107,0,-0.5457377156438249,0.366853855729961
4284,1,0.4244991368168071,0.6045593509569854
3528,0,-0.5055830273096378,0.3762295364737719
7124,1,0.39996810259531645,0.5986799963940918
3878,1,0.3147337404763063,0.5780402909501148
822,0,-0.552861274022206,0.36520082668142667
5017,1,0.4244991368168071,0.6045593509569854
3126,0,-0.5055830273096378,0.3762295364737719
7473,1,0.8412175094433505,0.6987215755866545
4393,1,0.4244991368168071,0.6045593509569854
3201,1,0.4244991368168071,0.6045593509569854
7389,1,0.8412175094433505,0.6987215755866545
1912,0,-0.5055830273096378,0.3762295364737719
7676,1,0.8412175094433505,0.6987215755866545
123,0,-0.61313911827717,0.35134345558345614
2775,0,-0.5265725214483482,0.3713166471397773
2860,1,0.3147337404763063,0.5780402909501148
3813,0,-0.5055830273096378,0.3762295364737719
5112,1,0.4244991368168071,0.6045593509569854
4999,1,0.8412175094433505,0.6987215755866545
5947,1,0.23989103537542777,0.5596867964736852
4608,1,0.4244991368168071,0.6045593509569854
7457,1,0.39996810259531645,0.5986799963940918
7218,1,0.8412175094433505,0.6987215755866545
6879,1,0.8412175094433505,0.6987215755866545
2339,0,-0.5265725214483482,0.3713166471397773
110,0,-0.5457377156438249,0.366853855729961
7980,1,0.8412175094433505,0.6987215755866545
7084,1,0.8412175094433505,0.6987215755866545
1447,0,-0.7031222990224324,0.33112033784031114
5828,0,-0.403001420371074,0.4005914304677475
3991,1,0.4244991368168071,0.6045593509569854
6608,1,0.39996810259531645,0.5986799963940918
3262,1,0.29374424633759577,0.5729125383206883
4654,1,0.4244991368168071,0.6045593509569854
2477,0,-0.5055830273096378,0.3762295364737719
1833,0,-0.5055830273096378,0.3762295364737719
5968,1,0.4244991368168071,0.6045593509569854
3250,0,-0.5055830273096378,0.3762295364737719
677,0,-0.37513384860052224,0.4073010876677777
6146,1,0.39996810259531645,0.5986799963940918
3725,1,0.29374424633759577,0.5729125383206883
1068,0,-0.5055830273096378,0.3762295364737719
5002,1,0.23989103537542777,0.5596867964736852
3807,0,-0.5055830273096378,0.3762295364737719
7671,0,-0.3164348235422521,0.4215448535408599
693,0,-0.61313911827717,0.35134345558345614
5235,1,0.4244991368168071,0.6045593509569854
1094,0,-0.7031222990224324,0.33112033784031114
5711,0,-0.403001420371074,0.4005914304677475
6005,1,0.39996810259531645,0.5986799963940918
4793,1,0.4244991368168071,0.6045593509569854
2254,0,-0.5055830273096378,0.3762295364737719
2256,0,-0.5265725214483482,0.3713166471397773
5958,1,0.4244991368168071,0.6045593509569854
4893,1,0.43394803585524355,0.6068160278154359
5704,0,-0.403001420371074,0.4005914304677475
4634,0,-0.5055830273096378,0.3762295364737719
6045,1,0.39996810259531645,0.5986799963940918
5630,0,-0.06602064769072472,0.48350083058845356
5414,1,0.4244991368168071,0.6045593509569854
5383,1,0.43394803585524355,0.6068160278154359
7911,0,-0.4732901212788314,0.38383781224214003
5450,1,0.43394803585524355,0.6068160278154359
2399,0,-0.5055830273096378,0.3762295364737719
7893,0,-0.5265725214483482,0.3713166471397773
5238,0,-0.15600382843598712,0.46107794868519364
3810,1,0.4244991368168071,0.6045593509569854
608,0,-0.5457377156438249,0.366853855729961
5314,1,0.43394803585524355,0.6068160278154359
3650,0,-0.5265725214483482,0.3713166471397773
2294,0,-0.5265725214483482,0.3713166471397773
3560,1,0.3147337404763063,0.5780402909501148
3855,0,-0.5055830273096378,0.3762295364737719
5057,1,0.4244991368168071,0.6045593509569854
3739,1,0.3147337404763063,0.5780402909501148
6598,1,0.39996810259531645,0.5986799963940918
218,0,-0.5667272097825353,0.3619923465542118
2386,0,-0.5055830273096378,0.3762295364737719
2830,0,-0.5055830273096378,0.3762295364737719
2788,0,-0.6821328048837221,0.33578544900290686
1870,0,-0.6821328048837221,0.33578544900290686
6573,1,0.39996810259531645,0.5986799963940918
6770,1,0.39996810259531645,0.5986799963940918
7778,1,0.39996810259531645,0.5986799963940918
6689,1,0.39996810259531645,0.5986799963940918
3117,0,-0.5055830273096378,0.3762295364737719
3342,0,-0.5055830273096378,0.3762295364737719
4653,1,0.4244991368168071,0.6045593509569854
7665,0,-0.5265725214483482,0.3713166471397773
7035,0,-0.3164348235422521,0.4215448535408599
4077,0,-0.5265725214483482,0.3713166471397773
2767,0,-0.5265725214483482,0.3713166471397773
2292,0,-0.5265725214483482,0.3713166471397773
2134,0,-0.5265725214483482,0.3713166471397773
4224,0,-0.5265725214483482,0.3713166471397773
2793,0,-0.5055830273096378,0.3762295364737719
6172,1,0.8412175094433505,0.6987215755866545
6079,1,0.39996810259531645,0.5986799963940918
5116,1,0.39996810259531645,0.5986799963940918
4926,0,-0.403001420371074,0.4005914304677475
5677,1,0.34396485510998137,0.5851533110018066
707,0,-0.16860225462928802,0.45794900350564305
4640,1,0.4244991368168071,0.6045593509569854
335,0,-0.5055830273096378,0.3762295364737719
6125,1,0.39996810259531645,0.5986799963940918
6158,1,0.8412175094433505,0.6987215755866545
10,0,-0.5667272097825353,0.3619923465542118
3606,1,0.4244991368168071,0.6045593509569854
1553,0,-0.6821328048837221,0.33578544900290686
146,0,-0.7031222990224324,0.33112033784031114
5570,0,-0.403001420371074,0.4005914304677475
1087,0,-0.5457377156438249,0.366853855729961
5949,0,-0.06602064769072472,0.48350083058845356
5962,0,-0.15600382843598712,0.46107794868519364
675,0,-0.16860225462928802,0.45794900350564305
2543,0,-0.5265725214483482,0.3713166471397773
3320,0,-0.5265725214483482,0.3713166471397773
6750,1,0.39996810259531645,0.5986799963940918
1339,0,-0.5921496241384597,0.3561417828556476
6061,1,0.8412175094433505,0.6987215755866545
7364,1,0.39996810259531645,0.5986799963940918
4103,0,-0.5265725214483482,0.3713166471397773
5198,1,0.4244991368168071,0.6045593509569854
1273,0,-0.61313911827717,0.35134345558345614
328,0,-0.5457377156438249,0.366853855729961
4208,1,0.4244991368168071,0.6045593509569854
769,0,-0.552861274022206,0.36520082668142667
3362,1,0.4244991368168071,0.6045593509569854
5338,1,0.23989103537542777,0.5596867964736852
5775,1,0.34396485510998137,0.5851533110018066
1137,0,-0.5667272097825353,0.3619923465542118
5974,1,0.43394803585524355,0.6068160278154359
5975,1,0.43394803585524355,0.6068160278154359
7441,1,0.39996810259531645,0.5986799963940918
6574,1,0.39996810259531645,0.5986799963940918
3331,1,0.3147337404763063,0.5780402909501148
2809,0,-0.5265725214483482,0.3713166471397773
2485,0,-0.5265725214483482,0.3713166471397773
7443,0,-0.3164348235422521,0.4215448535408599
7491,1,0.39996810259531645,0.5986799963940918
2484,0,-0.5055830273096378,0.3762295364737719
2770,1,0.4244991368168071,0.6045593509569854
2671,0,-0.5265725214483482,0.3713166471397773
109,0,-0.552861274022206,0.36520082668142667
3314,0,-0.5055830273096378,0.3762295364737719
3494,0,-0.5055830273096378,0.3762295364737719
596,0,-0.5457377156438249,0.366853855729961
2408,0,-0.5055830273096378,0.3762295364737719
290,0,-0.16860225462928802,0.45794900350564305
4272,1,0.4244991368168071,0.6045593509569854
1664,0,-0.6821328048837221,0.33578544900290686
7709,1,0.33169838888736586,0.5821725635465187
5829,1,0.4244991368168071,0.6045593509569854
119,0,-0.18959174876799845,0.4527435310161049
8061,1,0.39996810259531645,0.5986799963940918
3935,1,0.29374424633759577,0.5729125383206883
4452,1,0.4244991368168071,0.6045593509569854
941,0,-0.6821328048837221,0.33578544900290686
724,0,-0.3612679128401927,0.41065267468422645
8025,0,-0.4732901212788314,0.38383781224214003
550,0,-0.18959174876799845,0.4527435310161049
1601,0,-0.6821328048837221,0.33578544900290686
7744,0,-0.3164348235422521,0.4215448535408599
2053,0,-0.61313911827717,0.35134345558345614
5272,1,0.43394803585524355,0.6068160278154359
3386,0,-0.5055830273096378,0.3762295364737719
5458,1,0.43394803585524355,0.6068160278154359
492,1,0.31154471293661423,0.5772622631877472
7069,1,0.39996810259531645,0.5986799963940918
816,0,-0.3612679128401927,0.41065267468422645
6204,1,0.39996810259531645,0.5986799963940918
2714,0,-0.5265725214483482,0.3713166471397773
7651,0,-0.3164348235422521,0.4215448535408599
1680,0,-0.5667272097825353,0.3619923465542118
2192,0,-0.61313911827717,0.35134345558345614
2473,0,-0.5265725214483482,0.3713166471397773
4438,1,0.3147337404763063,0.5780402909501148
240,0,-0.3612679128401927,0.41065267468422645
7913,0,-0.4732901212788314,0.38383781224214003
1682,0,-0.5457377156438249,0.366853855729961
7093,1,0.8412175094433505,0.6987215755866545
6747,1,0.39996810259531645,0.5986799963940918
6755,1,0.39996810259531645,0.5986799963940918
4009,0,-0.5055830273096378,0.3762295364737719
6024,1,0.39996810259531645,0.5986799963940918
7845,0,-0.4732901212788314,0.38383781224214003
5317,1,0.23989103537542777,0.5596867964736852
3803,0,-0.5055830273096378,0.3762295364737719
4656,1,0.4244991368168071,0.6045593509569854
4658,1,0.4244991368168071,0.6045593509569854
7551,1,0.39996810259531645,0.5986799963940918
6973,1,0.39996810259531645,0.5986799963940918
5010,0,-0.403001420371074,0.4005914304677475
4267,1,0.4244991368168071,0.6045593509569854
4606,1,0.4244991368168071,0.6045593509569854
1585,1,0.31154471293661423,0.5772622631877472
4183,0,-0.5055830273096378,0.3762295364737719
938,0,-0.5921496241384597,0.3561417828556476
7524,0,-0.3164348235422521,0.4215448535408599
7436,1,0.39996810259531645,0.5986799963940918
4096,0,-0.5265725214483482,0.3713166471397773
5727,0,-0.06602064769072472,0.48350083058845356
7259,1,0.39996810259531645,0.5986799963940918
3436,0,-0.5265725214483482,0.3713166471397773
3914,0,-0.5055830273096378,0.3762295364737719
1340,0,-0.6821328048837221,0.33578544900290686
5905,1,0.43394803585524355,0.6068160278154359
7631,0,-0.3164348235422521,0.4215448535408599
1899,0,-0.61313911827717,0.35134345558345614
3467,0,-0.5265725214483482,0.3713166471397773
5842,1,0.34396485510998137,0.5851533110018066
3581,1,0.4244991368168071,0.6045593509569854
7989,1,0.39996810259531645,0.5986799963940918
3862,0,-0.5055830273096378,0.3762295364737719
1872,0,-0.6821328048837221,0.33578544900290686
631,0,-0.552861274022206,0.36520082668142667
4715,1,0.4244991368168071,0.6045593509569854
1132,1,0.33253420707532466,0.5823758603985844
2403,0,-0.5055830273096378,0.3762295364737719
5994,1,0.39996810259531645,0.5986799963940918
5275,1,0.43394803585524355,0.6068160278154359
3931,1,0.4244991368168071,0.6045593509569854
705,0,-0.3541443544618118,0.4123777879966746
6827,0,-0.3164348235422521,0.4215448535408599
7202,0,-0.3164348235422521,0.4215448535408599
39,0,-0.5457377156438249,0.366853855729961
6815,1,0.39996810259531645,0.5986799963940918
101,0,-0.5457377156438249,0.366853855729961
1796,0,-0.7031222990224324,0.33112033784031114
1352,0,-0.7031222990224324,0.33112033784031114
7710,0,-0.4732901212788314,0.38383781224214003
3136,0,-0.5055830273096378,0.3762295364737719
4140,1,0.4244991368168071,0.6045593509569854
2032,0,-0.5055830273096378,0.3762295364737719
6069,1,0.39996810259531645,0.5986799963940918
3586,0,-0.5055830273096378,0.3762295364737719
2987,0,-0.5055830273096378,0.3762295364737719
372,0,-0.552861274022206,0.36520082668142667
1983,0,-0.61313911827717,0.35134345558345614
490,0,-0.21885092859445543,0.44550460248637425
5067,1,0.4244991368168071,0.6045593509569854
3997,1,0.4244991368168071,0.6045593509569854
856,0,-0.21172737021607466,0.447265012854208
8116,1,0.39996810259531645,0.5986799963940918
3654,1,0.4244991368168071,0.6045593509569854
925,0,-0.61313911827717,0.35134345558345614
5117,0,-0.15600382843598712,0.46107794868519364
1541,0,-0.5921496241384597,0.3561417828556476
3547,1,0.29374424633759577,0.5729125383206883
2065,0,-0.5055830273096378,0.3762295364737719
6157,1,0.8412175094433505,0.6987215755866545
4072,1,0.4244991368168071,0.6045593509569854
7522,0,-0.4732901212788314,0.38383781224214003
968,0,-0.6821328048837221,0.33578544900290686
245,0,-0.5667272097825353,0.3619923465542118
3884,0,-0.5265725214483482,0.3713166471397773
3338,0,-0.5265725214483482,0.3713166471397773
1457,0,-0.5265725214483482,0.3713166471397773
940,0,-0.5738507681609163,0.3603487558267963
695,0,-0.5738507681609163,0.3603487558267963
5796,1,0.4244991368168071,0.6045593509569854
1294,1,0.33253420707532466,0.5823758603985844
7655,1,0.39996810259531645,0.5986799963940918
6603,1,0.39996810259531645,0.5986799963940918
3533,1,0.4244991368168071,0.6045593509569854
1420,1,0.31154471293661423,0.5772622631877472
6230,1,0.39996810259531645,0.5986799963940918
4778,1,0.4244991368168071,0.6045593509569854
4742,1,0.4244991368168071,0.6045593509569854
6652,1,0.39996810259531645,0.5986799963940918
1061,0,-0.2297464371021861,0.44281470602772943
404,0,-0.5667272097825353,0.3619923465542118
4328,1,0.4244991368168071,0.6045593509569854
1763,0,-0.5055830273096378,0.3762295364737719
7536,1,0.33169838888736586,0.5821725635465187
8067,0,-0.4732901212788314,0.38383781224214003
6697,1,0.8412175094433505,0.6987215755866545
2179,0,-0.5055830273096378,0.3762295364737719
215,0,-0.5457377156438249,0.366853855729961
7002,1,0.39996810259531645,0.5986799963940918
6766,1,0.39996810259531645,0.5986799963940918
126,0,-0.5738507681609163,0.3603487558267963
2368,0,-0.5055830273096378,0.3762295364737719
1216,0,-0.7031222990224324,0.33112033784031114
6366,0,-0.3164348235422521,0.4215448535408599
2083,0,-0.5265725214483482,0.3713166471397773
3366,1,0.3147337404763063,0.5780402909501148
2279,0,-0.5265725214483482,0.3713166471397773
873,0,-0.5055830273096378,0.3762295364737719
325,0,-0.5457377156438249,0.366853855729961
5841,1,0.4244991368168071,0.6045593509569854
6441,1,0.8412175094433505,0.6987215755866545
1117,0,-0.7031222990224324,0.33112033784031114
5242,1,0.4244991368168071,0.6045593509569854
1774,0,-0.5055830273096378,0.3762295364737719
6370,1,0.8412175094433505,0.6987215755866545
2137,0,-0.5055830273096378,0.3762295364737719
444,0,-0.5457377156438249,0.366853855729961
2853,0,-0.5265725214483482,0.3713166471397773
4964,0,-0.403001420371074,0.4005914304677475
4477,1,0.4244991368168071,0.6045593509569854
49,0,-0.3541443544618118,0.4123777879966746
589,0,-0.552861274022206,0.36520082668142667
6290,1,0.39996810259531645,0.5986799963940918
192,0,-0.5667272097825353,0.3619923465542118
1454,0,-0.6821328048837221,0.33578544900290686
6658,1,0.39996810259531645,0.5986799963940918
4319,1,0.4244991368168071,0.6045593509569854
1770,0,-0.6821328048837221,0.33578544900290686
1210,0,-0.6821328048837221,0.33578544900290686
4686,1,0.4244991368168071,0.6045593509569854
8042,0,-0.4732901212788314,0.38383781224214003
5133,1,0.39996810259531645,0.5986799963940918
6918,1,0.39996810259531645,0.5986799963940918
6517,0,-0.3164348235422521,0.4215448535408599
5534,0,-0.403001420371074,0.4005914304677475
414,1,0.33253420707532466,0.5823758603985844
650,0,-0.552861274022206,0.36520082668142667
1156,0,-0.5921496241384597,0.3561417828556476
6364,1,0.39996810259531645,0.5986799963940918
3382,0,-0.5265725214483482,0.3713166471397773
95,0,-0.5738507681609163,0.3603487558267963
6268,1,0.39996810259531645,0.5986799963940918
5835,0,-0.2357414283821803,0.4413360741164819
3087,1,0.4244991368168071,0.6045593509569854
3986,1,0.4244991368168071,0.6045593509569854
1300,0,-0.61313911827717,0.35134345558345614
1868,0,-0.6821328048837221,0.33578544900290686
6728,1,0.39996810259531645,0.5986799963940918
2467,0,-0.5055830273096378,0.3762295364737719
4278,1,0.4244991368168071,0.6045593509569854
3954,1,0.3147337404763063,0.5780402909501148
3538,0,-0.5265725214483482,0.3713166471397773
5170,1,0.4244991368168071,0.6045593509569854
2253,0,-0.5265725214483482,0.3713166471397773
396,0,-0.5667272097825353,0.3619923465542118
3098,0,-0.5265725214483482,0.3713166471397773
4553,1,0.4244991368168071,0.6045593509569854
6670,1,0.39996810259531645,0.5986799963940918
2076,0,-0.5265725214483482,0.3713166471397773
1683,1,0.33253420707532466,0.5823758603985844
1909,0,-0.7031222990224324,0.33112033784031114
2451,0,-0.5265725214483482,0.3713166471397773
5222,1,0.34396485510998137,0.5851533110018066
6916,1,0.39996810259531645,0.5986799963940918
4045,1,0.3147337404763063,0.5780402909501148
7172,1,0.39996810259531645,0.5986799963940918
1867,0,-0.5921496241384597,0.3561417828556476
5812,1,0.43394803585524355,0.6068160278154359
7967,1,0.8412175094433505,0.6987215755866545
2648,0,-0.5265725214483482,0.3713166471397773
6632,1,0.8412175094433505,0.6987215755866545
3988,1,0.4244991368168071,0.6045593509569854
2275,0,-0.5265725214483482,0.3713166471397773
5731,0,-0.403001420371074,0.4005914304677475
5538,0,-0.403001420371074,0.4005914304677475
1629,1,0.33253420707532466,0.5823758603985844
3070,0,-0.5055830273096378,0.3762295364737719
7635,1,0.33169838888736586,0.5821725635465187
1325,0,-0.6821328048837221,0.33578544900290686
5114,1,0.43394803585524355,0.6068160278154359
6949,1,0.8412175094433505,0.6987215755866545
5101,0,-0.403001420371074,0.4005914304677475
3005,0,-0.5265725214483482,0.3713166471397773
8102,0,-0.5265725214483482,0.3713166471397773
7099,1,0.8412175094433505,0.6987215755866545
159,0,-0.552861274022206,0.36520082668142667
1277,0,-0.61313911827717,0.35134345558345614
4961,1,0.4244991368168071,0.6045593509569854
2030,0,-0.5055830273096378,0.3762295364737719
519,0,-0.5738507681609163,0.3603487558267963
4823,1,0.4244991368168071,0.6045593509569854
34,0,-0.5667272097825353,0.3619923465542118
1440,0,-0.5055830273096378,0.3762295364737719
248,0,-0.3541443544618118,0.4123777879966746
1893,0,-0.61313911827717,0.35134345558345614
6981,1,0.8412175094433505,0.6987215755866545
6350,1,0.8412175094433505,0.6987215755866545
7189,1,0.39996810259531645,0.5986799963940918
2731,0,-0.5265725214483482,0.3713166471397773
2090,0,-0.5055830273096378,0.3762295364737719
2216,0,-0.5265725214483482,0.3713166471397773
2498,0,-0.5265725214483482,0.3713166471397773
5471,1,0.39996810259531645,0.5986799963940918
2468,0,-0.5055830273096378,0.3762295364737719
1084,0,-0.5457377156438249,0.366853855729961
4671,1,0.4244991368168071,0.6045593509569854
3059,0,-0.5055830273096378,0.3762295364737719
57,0,-0.5738507681609163,0.3603487558267963
6179,1,0.39996810259531645,0.5986799963940918
3687,1,0.29374424633759577,0.5729125383206883
4336,1,0.4244991368168071,0.6045593509569854
3259,1,0.4244991368168071,0.6045593509569854
6145,1,0.39996810259531645,0.5986799963940918
3679,1,0.3147337404763063,0.5780402909501148
7881,1,0.8412175094433505,0.6987215755866545
6369,1,0.39996810259531645,0.5986799963940918
5475,1,0.4244991368168071,0.6045593509569854
3974,1,0.4244991368168071,0.6045593509569854
7272,1,0.39996810259531645,0.5986799963940918
2863,0,-0.5055830273096378,0.3762295364737719
3489,0,-0.5055830273096378,0.3762295364737719
1481,0,-0.5921496241384597,0.3561417828556476
7705,0,-0.3164348235422521,0.4215448535408599
722,0,-0.2297464371021861,0.44281470602772943
3728,0,-0.5055830273096378,0.3762295364737719
3636,0,-0.5055830273096378,0.3762295364737719
28,0,-0.16860225462928802,0.45794900350564305
5289,1,0.43394803585524355,0.6068160278154359
6475,1,0.39996810259531645,0.5986799963940918
3978,1,0.3147337404763063,0.5780402909501148
753,0,-0.5457377156438249,0.366853855729961
2284,0,-0.5055830273096378,0.3762295364737719
5484,1,0.4244991368168071,0.6045593509569854
3700,0,-0.5265725214483482,0.3713166471397773
3832,0,-0.5055830273096378,0.3762295364737719
7573,0,-0.3164348235422521,0.4215448535408599
6618,1,0.8412175094433505,0.6987215755866545
6377,1,0.39996810259531645,0.5986799963940918
4238,1,0.4244991368168071,0.6045593509569854
3623,0,-0.5055830273096378,0.3762295364737719
7288,1,0.39996810259531645,0.5986799963940918
5453,1,0.4244991368168071,0.6045593509569854
55,0,-0.552861274022206,0.36520082668142667
2815,0,-0.5265725214483482,0.3713166471397773
4616,1,0.4244991368168071,0.6045593509569854
3245,1,0.4244991368168071,0.6045593509569854
5910,1,0.34396485510998137,0.5851533110018066
6763,0,-0.4732901212788314,0.38383781224214003
6866,1,0.39996810259531645,0.5986799963940918
5847,0,-0.2357414283821803,0.4413360741164819
4629,1,0.34396485510998137,0.5851533110018066
6325,1,0.39996810259531645,0.5986799963940918
1458,0,-0.61313911827717,0.35134345558345614
4169,1,0.4244991368168071,0.6045593509569854
3104,1,0.3147337404763063,0.5780402909501148
3054,0,-0.5265725214483482,0.3713166471397773
7514,0,-0.3164348235422521,0.4215448535408599
4753,1,0.4244991368168071,0.6045593509569854
3116,0,-0.5055830273096378,0.3762295364737719
1950,0,-0.5265725214483482,0.3713166471397773
5390,0,-0.403001420371074,0.4005914304677475
6500,1,0.8412175094433505,0.6987215755866545
7606,1,0.8412175094433505,0.6987215755866545
2362,0,-0.5055830273096378,0.3762295364737719
5755,1,0.39996810259531645,0.5986799963940918
6358,1,0.39996810259531645,0.5986799963940918
7686,1,0.8412175094433505,0.6987215755866545
3513,1,0.4244991368168071,0.6045593509569854
5004,1,0.4244991368168071,0.6045593509569854
517,0,-0.552861274022206,0.36520082668142667
7637,1,0.8412175094433505,0.6987215755866545
2901,0,-0.5265725214483482,0.3713166471397773
4763,1,0.4244991368168071,0.6045593509569854
7267,1,0.39996810259531645,0.5986799963940918
2761,0,-0.5055830273096378,0.3762295364737719
2335,0,-0.5265725214483482,0.3713166471397773
8037,1,0.39996810259531645,0.5986799963940918
4099,1,0.4244991368168071,0.6045593509569854
2964,0,-0.5055830273096378,0.3762295364737719
4754,1,0.4244991368168071,0.6045593509569854
7750,1,0.8412175094433505,0.6987215755866545
4854,1,0.4244991368168071,0.6045593509569854
6293,1,0.39996810259531645,0.5986799963940918
6201,1,0.8412175094433505,0.6987215755866545
6343,1,0.39996810259531645,0.5986799963940918
5825,1,0.4244991368168071,0.6045593509569854
4990,1,0.4244991368168071,0.6045593509569854
5054,1,0.4244991368168071,0.6045593509569854
5024,1,0.4244991368168071,0.6045593509569854
1429,1,0.33253420707532466,0.5823758603985844
2118,0,-0.5055830273096378,0.3762295364737719
7827,1,0.39996810259531645,0.5986799963940918
7672,1,0.8412175094433505,0.6987215755866545
7590,0,-0.3164348235422521,0.4215448535408599
2463,0,-0.5055830273096378,0.3762295364737719
4177,1,0.4244991368168071,0.6045593509569854
2629,0,-0.5265725214483482,0.3713166471397773
6539,1,0.39996810259531645,0.5986799963940918
6683,1,0.8412175094433505,0.6987215755866545
528,0,-0.16860225462928802,0.45794900350564305
7241,1,0.39996810259531645,0.5986799963940918
1012,0,-0.38225740697890315,0.4055825535342703
7083,1,0.39996810259531645,0.5986799963940918
7748,0,-0.3164348235422521,0.4215448535408599
3249,0,-0.5265725214483482,0.3713166471397773
781,0,-0.16860225462928802,0.45794900350564305
4338,1,0.4244991368168071,0.6045593509569854
1877,0,-0.5055830273096378,0.3762295364737719
1611,0,-0.7031222990224324,0.33112033784031114
1288,0,-0.5055830273096378,0.3762295364737719
6614,1,0.39996810259531645,0.5986799963940918
2489,0,-0.5265725214483482,0.3713166471397773
6247,1,0.39996810259531645,0.5986799963940918
3486,0,-0.5055830273096378,0.3762295364737719
2208,0,-0.5055830273096378,0.3762295364737719
7977,0,-0.4732901212788314,0.38383781224214003
6064,1,0.39996810259531645,0.5986799963940918
7888,1,0.39996810259531645,0.5986799963940918
4161,0,-0.5265725214483482,0.3713166471397773
7805,1,0.33169838888736586,0.5821725635465187
697,1,0.33253420707532466,0.5823758603985844
4593,1,0.4244991368168071,0.6045593509569854
4481,1,0.4244991368168071,0.6045593509569854
3793,0,-0.5265725214483482,0.3713166471397773
2759,0,-0.5265725214483482,0.3713166471397773
6138,1,0.39996810259531645,0.5986799963940918
1379,0,-0.6821328048837221,0.33578544900290686
1274,0,-0.5921496241384597,0.3561417828556476
5442,1,0.4244991368168071,0.6045593509569854
7972,0,-0.3164348235422521,0.4215448535408599
4976,1,0.4244991368168071,0.6045593509569854
8068,0,-0.4732901212788314,0.38383781224214003
5561,1,0.4244991368168071,0.6045593509569854
6108,1,0.39996810259531645,0.5986799963940918
1018,1,0.31154471293661423,0.5772622631877472
1477,0,-0.7031222990224324,0.33112033784031114
1583,1,0.31154471293661423,0.5772622631877472
5309,0,-0.403001420371074,0.4005914304677475
4685,1,0.4244991368168071,0.6045593509569854
7342,1,0.33169838888736586,0.5821725635465187
4065,1,0.4244991368168071,0.6045593509569854
422,1,0.31154471293661423,0.5772622631877472
5597,1,0.43394803585524355,0.6068160278154359
5021,1,0.29374424633759577,0.5729125383206883
2706,0,-0.5265725214483482,0.3713166471397773
505,1,0.31154471293661423,0.5772622631877472
3083,0,-0.5265725214483482,0.3713166471397773
785,1,0.33253420707532466,0.5823758603985844
357,1,0.33253420707532466,0.5823758603985844
6356,1,0.8412175094433505,0.6987215755866545
2071,0,-0.5055830273096378,0.3762295364737719
8082,1,0.39996810259531645,0.5986799963940918
6590,1,0.39996810259531645,0.5986799963940918
2336,0,-0.5265725214483482,0.3713166471397773
2143,0,-0.5055830273096378,0.3762295364737719
2506,0,-0.5265725214483482,0.3713166471397773
1952,0,-0.5055830273096378,0.3762295364737719
4089,0,-0.5265725214483482,0.3713166471397773
3847,0,-0.5265725214483482,0.3713166471397773
3757,0,-0.5055830273096378,0.3762295364737719
7178,1,0.8412175094433505,0.6987215755866545
7803,0,-0.3164348235422521,0.4215448535408599
1669,1,0.33253420707532466,0.5823758603985844
1837,0,-0.7031222990224324,0.33112033784031114
1778,1,0.33253420707532466,0.5823758603985844
7018,1,0.8412175094433505,0.6987215755866545
7766,1,0.8412175094433505,0.6987215755866545
3906,1,0.4244991368168071,0.6045593509569854
2295,0,-0.5921496241384597,0.3561417828556476
690,0,-0.552861274022206,0.36520082668142667
1103,1,0.31154471293661423,0.5772622631877472
2831,0,-0.5055830273096378,0.3762295364737719
2119,0,-0.5055830273096378,0.3762295364737719
7307,1,0.39996810259531645,0.5986799963940918
1599,0,-0.37513384860052224,0.4073010876677777
5159,1,0.34396485510998137,0.5851533110018066
2036,0,-0.5921496241384597,0.3561417828556476
139,0,-0.5667272097825353,0.3619923465542118
6180,1,0.8412175094433505,0.6987215755866545
271,1,0.33253420707532466,0.5823758603985844
3619,0,-0.5055830273096378,0.3762295364737719
3946,1,0.4244991368168071,0.6045593509569854
431,0,-0.37513384860052224,0.4073010876677777
2319,0,-0.5265725214483482,0.3713166471397773
1051,0,-0.5055830273096378,0.3762295364737719
2913,0,-0.5055830273096378,0.3762295364737719
7591,1,0.8412175094433505,0.6987215755866545
4231,1,0.4244991368168071,0.6045593509569854
2680,0,-0.5265725214483482,0.3713166471397773
963,0,-0.5265725214483482,0.3713166471397773
6668,1,0.33169838888736586,0.5821725635465187
2877,0,-0.5265725214483482,0.3713166471397773
610,0,-0.61313911827717,0.35134345558345614
7925,1,0.39996810259531645,0.5986799963940918
3651,0,-0.5055830273096378,0.3762295364737719
4709,1,0.34396485510998137,0.5851533110018066
3448,0,-0.5265725214483482,0.3713166471397773
5290,1,0.43394803585524355,0.6068160278154359
4782,1,0.4244991368168071,0.6045593509569854
1392,0,-0.6821328048837221,0.33578544900290686
3993,1,0.29374424633759577,0.5729125383206883
5758,1,0.8412175094433505,0.6987215755866545
3511,1,0.4244991368168071,0.6045593509569854
2738,0,-0.5055830273096378,0.3762295364737719
3887,1,0.29374424633759577,0.5729125383206883
2220,0,-0.5265725214483482,0.3713166471397773
2613,0,-0.5265725214483482,0.3713166471397773
6073,1,0.39996810259531645,0.5986799963940918
2330,0,-0.5055830273096378,0.3762295364737719
2236,0,-0.5265725214483482,0.3713166471397773
5764,0,-0.2357414283821803,0.4413360741164819
6032,1,0.39996810259531645,0.5986799963940918
8093,1,0.39996810259531645,0.5986799963940918
619,0,-0.18959174876799845,0.4527435310161049
4864,1,0.4244991368168071,0.6045593509569854
4313,1,0.4244991368168071,0.6045593509569854
6386,1,0.39996810259531645,0.5986799963940918
3081,0,-0.5265725214483482,0.3713166471397773
6310,1,0.8412175094433505,0.6987215755866545
3185,0,-0.5055830273096378,0.3762295364737719
1834,0,-0.5265725214483482,0.3713166471397773
221,1,0.33253420707532466,0.5823758603985844
5286,1,0.43394803585524355,0.6068160278154359
7904,0,-0.3164348235422521,0.4215448535408599
56,0,-0.61313911827717,0.35134345558345614
4033,0,-0.5055830273096378,0.3762295364737719
7780,1,0.39996810259531645,0.5986799963940918
2606,0,-0.5265725214483482,0.3713166471397773
7246,0,-0.4732901212788314,0.38383781224214003
6315,1,0.39996810259531645,0.5986799963940918
4584,1,0.4244991368168071,0.6045593509569854
6738,1,0.39996810259531645,0.5986799963940918
3391,0,-0.5265725214483482,0.3713166471397773
4525,1,0.4244991368168071,0.6045593509569854
7492,1,0.8412175094433505,0.6987215755866545
2055,0,-0.6821328048837221,0.33578544900290686
5814,0,-0.06602064769072472,0.48350083058845356
506,0,-0.61313911827717,0.35134345558345614
5174,1,0.4244991368168071,0.6045593509569854
6904,0,-0.3164348235422521,0.4215448535408599
746,0,-0.5667272097825353,0.3619923465542118
5730,1,0.4244991368168071,0.6045593509569854
7058,1,0.39996810259531645,0.5986799963940918
4577,1,0.4244991368168071,0.6045593509569854
2124,0,-0.5055830273096378,0.3762295364737719
3220,0,-0.5265725214483482,0.3713166471397773
699,0,-0.61313911827717,0.35134345558345614
908,1,0.31154471293661423,0.5772622631877472
4928,1,0.4244991368168071,0.6045593509569854
5270,1,0.4244991368168071,0.6045593509569854
3420,0,-0.5265725214483482,0.3713166471397773
6028,1,0.39996810259531645,0.5986799963940918
6890,1,0.39996810259531645,0.5986799963940918
4305,0,-0.5265725214483482,0.3713166471397773
6122,1,0.39996810259531645,0.5986799963940918
7148,1,0.39996810259531645,0.5986799963940918
3507,0,-0.5055830273096378,0.3762295364737719
5622,0,-0.403001420371074,0.4005914304677475
6844,1,0.39996810259531645,0.5986799963940918
1897,0,-0.7031222990224324,0.33112033784031114
242,0,-0.5738507681609163,0.3603487558267963
2436,0,-0.5265725214483482,0.3713166471397773
4054,0,-0.5055830273096378,0.3762295364737719
6753,1,0.39996810259531645,0.5986799963940918
3638,0,-0.5265725214483482,0.3713166471397773
2981,0,-0.5265725214483482,0.3713166471397773
7505,1,0.39996810259531645,0.5986799963940918
4270,1,0.4244991368168071,0.6045593509569854
661,0,-0.5457377156438249,0.366853855729961
4786,1,0.4244991368168071,0.6045593509569854
3682,0,-0.5055830273096378,0.3762295364737719
6357,1,0.39996810259531645,0.5986799963940918
1538,0,-0.7031222990224324,0.33112033784031114
4789,1,0.4244991368168071,0.6045593509569854
2944,0,-0.5055830273096378,0.3762295364737719
7791,0,-0.4732901212788314,0.38383781224214003
7147,1,0.39996810259531645,0.5986799963940918
3611,0,-0.5055830273096378,0.3762295364737719
6485,1,0.39996810259531645,0.5986799963940918
1711,0,-0.6821328048837221,0.33578544900290686
6737,1,0.39996810259531645,0.5986799963940918
3840,1,0.4244991368168071,0.6045593509569854
7938,0,-0.3164348235422521,0.4215448535408599
4429,1,0.39996810259531645,0.5986799963940918
367,0,-0.21885092859445543,0.44550460248637425
6488,1,0.39996810259531645,0.5986799963940918
4612,1,0.4244991368168071,0.6045593509569854
6905,0,-0.4732901212788314,0.38383781224214003
1386,0,-0.61313911827717,0.35134345558345614
3669,0,-0.5265725214483482,0.3713166471397773
5997,0,-0.2357414283821803,0.4413360741164819
7638,1,0.39996810259531645,0.5986799963940918
687,0,-0.5738507681609163,0.3603487558267963
6795,1,0.39996810259531645,0.5986799963940918
1666,0,-0.7031222990224324,0.33112033784031114
5074,1,0.39996810259531645,0.5986799963940918
5942,1,0.43394803585524355,0.6068160278154359
8008,1,0.8412175094433505,0.6987215755866545
246,0,-0.21172737021607466,0.447265012854208
2272,0,-0.5055830273096378,0.3762295364737719
6909,1,0.8412175094433505,0.6987215755866545
4360,1,0.4244991368168071,0.6045593509569854
1089,0,-0.5457377156438249,0.366853855729961
3680,0,-0.5055830273096378,0.3762295364737719
1917,0,-0.6821328048837221,0.33578544900290686
7537,0,-0.4732901212788314,0.38383781224214003
3908,1,0.4244991368168071,0.6045593509569854
7185,0,-0.3164348235422521,0.4215448535408599
5515,0,-0.2357414283821803,0.4413360741164819
3041,1,0.4244991368168071,0.6045593509569854
3771,0,-0.5265725214483482,0.3713166471397773
827,0,-0.21885092859445543,0.44550460248637425
2483,0,-0.5055830273096378,0.3762295364737719
6627,1,0.39996810259531645,0.5986799963940918
3897,0,-0.5055830273096378,0.3762295364737719
7030,1,0.39996810259531645,0.5986799963940918
4085,1,0.4244991368168071,0.6045593509569854
3389,1,0.4244991368168071,0.6045593509569854
3174,1,0.3147337404763063,0.5780402909501148
6191,1,0.8412175094433505,0.6987215755866545
4340,1,0.4244991368168071,0.6045593509569854
7909,0,-0.3164348235422521,0.4215448535408599
6058,1,0.8412175094433505,0.6987215755866545
6371,1,0.39996810259531645,0.5986799963940918
3629,0,-0.5055830273096378,0.3762295364737719
4526,1,0.4244991368168071,0.6045593509569854
2389,0,-0.5265725214483482,0.3713166471397773
4092,0,-0.5265725214483482,0.3713166471397773
2588,0,-0.5265725214483482,0.3713166471397773
7373,0,-0.3164348235422521,0.4215448535408599
7144,1,0.8412175094433505,0.6987215755866545
750,0,-0.38225740697890315,0.4055825535342703
1011,0,-0.5921496241384597,0.3561417828556476
6761,1,0.8412175094433505,0.6987215755866545
3181,1,0.3147337404763063,0.5780402909501148
5105,1,0.39996810259531645,0.5986799963940918
5353,1,0.43394803585524355,0.6068160278154359
5224,1,0.1255727134912882,0.5313519913562715
4791,1,0.4244991368168071,0.6045593509569854
7962,1,0.39996810259531645,0.5986799963940918
3409,0,-0.5055830273096378,0.3762295364737719
7896,1,0.39996810259531645,0.5986799963940918
286,0,-0.552861274022206,0.36520082668142667
3316,0,-0.5265725214483482,0.3713166471397773
6840,1,0.39996810259531645,0.5986799963940918
4905,1,0.4244991368168071,0.6045593509569854
604,0,-0.5457377156438249,0.366853855729961
1494,0,-0.5921496241384597,0.3561417828556476
4226,1,0.4244991368168071,0.6045593509569854
7489,1,0.39996810259531645,0.5986799963940918
3137,0,-0.5265725214483482,0.3713166471397773
2209,0,-0.5265725214483482,0.3713166471397773
4997,1,0.4244991368168071,0.6045593509569854
90,0,-0.18959174876799845,0.4527435310161049
1019,0,-0.5055830273096378,0.3762295364737719
6068,0,-0.3164348235422521,0.4215448535408599
7747,0,-0.3164348235422521,0.4215448535408599
5937,0,-0.403001420371074,0.4005914304677475
2943,0,-0.5265725214483482,0.3713166471397773
3097,1,0.29374424633759577,0.5729125383206883
7024,1,0.39996810259531645,0.5986799963940918
4820,1,0.34396485510998137,0.5851533110018066
4737,1,0.4244991368168071,0.6045593509569854
5641,1,0.1255727134912882,0.5313519913562715
2200,0,-0.7031222990224324,0.33112033784031114
7650,0,-0.3164348235422521,0.4215448535408599
4498,1,0.39996810259531645,0.5986799963940918
2743,0,-0.5055830273096378,0.3762295364737719
6477,1,0.39996810259531645,0.5986799963940918
6611,1,0.8412175094433505,0.6987215755866545
2638,0,-0.5265725214483482,0.3713166471397773
31,1,0.31154471293661423,0.5772622631877472
282,0,-0.18959174876799845,0.4527435310161049
243,1,0.33253420707532466,0.5823758603985844
3834,1,0.4244991368168071,0.6045593509569854
3394,0,-0.5055830273096378,0.3762295364737719
6592,1,0.39996810259531645,0.5986799963940918
1811,0,-0.5055830273096378,0.3762295364737719
77,0,-0.37513384860052224,0.4073010876677777
2718,0,-0.5055830273096378,0.3762295364737719
220,0,-0.5738507681609163,0.3603487558267963
6188,1,0.39996810259531645,0.5986799963940918
914,0,-0.5921496241384597,0.3561417828556476
134,0,-0.23686999548056667,0.4410578347068227
6649,1,0.39996810259531645,0.5986799963940918
1881,0,-0.61313911827717,0.35134345558345614
3192,0,-0.5265725214483482,0.3713166471397773
1245,0,-0.5921496241384597,0.3561417828556476
871,0,-0.5667272097825353,0.3619923465542118
7849,1,0.39996810259531645,0.5986799963940918
5421,0,-0.403001420371074,0.4005914304677475
2177,0,-0.5265725214483482,0.3713166471397773
935,0,-0.6821328048837221,0.33578544900290686
8118,1,0.8412175094433505,0.6987215755866545
6187,1,0.39996810259531645,0.5986799963940918
2271,0,-0.6821328048837221,0.33578544900290686
7727,1,0.33169838888736586,0.5821725635465187
5327,1,0.4244991368168071,0.6045593509569854
2191,0,-0.5055830273096378,0.3762295364737719
5659,1,0.1255727134912882,0.5313519913562715
2283,0,-0.5055830273096378,0.3762295364737719
3476,0,-0.5265725214483482,0.3713166471397773
4424,0,-0.5055830273096378,0.3762295364737719
6829,1,0.39996810259531645,0.5986799963940918
2107,0,-0.5055830273096378,0.3762295364737719
165,0,-0.37513384860052224,0.4073010876677777
352,0,-0.5738507681609163,0.3603487558267963
2536,1,0.4244991368168071,0.6045593509569854
1069,0,-0.37513384860052224,0.4073010876677777
5343,1,0.4244991368168071,0.6045593509569854
4213,1,0.4244991368168071,0.6045593509569854
7262,1,0.8412175094433505,0.6987215755866545
7633,1,0.39996810259531645,0.5986799963940918
7995,1,0.39996810259531645,0.5986799963940918
878,0,-0.37513384860052224,0.4073010876677777
5899,1,0.4244991368168071,0.6045593509569854
3426,1,0.3147337404763063,0.5780402909501148
7484,1,0.39996810259531645,0.5986799963940918
2538,0,-0.5055830273096378,0.3762295364737719
6665,1,0.39996810259531645,0.5986799963940918
4597,1,0.4244991368168071,0.6045593509569854
3843,1,0.4244991368168071,0.6045593509569854
6880,1,0.8412175094433505,0.6987215755866545
4024,1,0.4244991368168071,0.6045593509569854
734,0,-0.5457377156438249,0.366853855729961
3374,0,-0.5265725214483482,0.3713166471397773
6491,1,0.39996810259531645,0.5986799963940918
1625,1,0.31154471293661423,0.5772622631877472
3455,0,-0.5055830273096378,0.3762295364737719
755,0,-0.552861274022206,0.36520082668142667
104,0,-0.5667272097825353,0.3619923465542118
4524,1,0.4244991368168071,0.6045593509569854
3527,0,-0.5055830273096378,0.3762295364737719
306,0,-0.5667272097825353,0.3619923465542118
7119,0,-0.3164348235422521,0.4215448535408599
2931,0,-0.5055830273096378,0.3762295364737719
5032,1,0.4244991368168071,0.6045593509569854
4095,0,-0.5055830273096378,0.3762295364737719
4449,1,0.4244991368168071,0.6045593509569854
7432,0,-0.4732901212788314,0.38383781224214003
4490,1,0.4244991368168071,0.6045593509569854
2347,0,-0.5265725214483482,0.3713166471397773
2276,0,-0.5055830273096378,0.3762295364737719
478,0,-0.23686999548056667,0.4410578347068227
7550,0,-0.3164348235422521,0.4215448535408599
5783,1,0.1255727134912882,0.5313519913562715
4296,1,0.4244991368168071,0.6045593509569854
2273,0,-0.5055830273096378,0.3762295364737719
5265,1,0.8412175094433505,0.6987215755866545
4078,1,0.4244991368168071,0.6045593509569854
4852,1,0.4244991368168071,0.6045593509569854
7458,1,0.8412175094433505,0.6987215755866545
6046,1,0.8412175094433505,0.6987215755866545
6639,1,0.39996810259531645,0.5986799963940918
6960,1,0.39996810259531645,0.5986799963940918
5080,1,0.4244991368168071,0.6045593509569854
1040,0,-0.38225740697890315,0.4055825535342703
3290,0,-0.5055830273096378,0.3762295364737719
6881,1,0.8412175094433505,0.6987215755866545
881,0,-0.7031222990224324,0.33112033784031114
223,0,-0.23686999548056667,0.4410578347068227
6082,1,0.39996810259531645,0.5986799963940918
1482,0,-0.5921496241384597,0.3561417828556476
4739,1,0.4244991368168071,0.6045593509569854
7244,0,-0.4732901212788314,0.38383781224214003
5231,0,-0.15600382843598712,0.46107794868519364
2746,0,-0.5055830273096378,0.3762295364737719
3061,1,0.3147337404763063,0.5780402909501148
6177,1,0.8412175094433505,0.6987215755866545
6081,1,0.39996810259531645,0.5986799963940918
5863,0,-0.403001420371074,0.4005914304677475
1078,0,-0.61313911827717,0.35134345558345614
91,0,-0.5457377156438249,0.366853855729961
1755,0,-0.5921496241384597,0.3561417828556476
1978,0,-0.7031222990224324,0.33112033784031114
2634,0,-0.5265725214483482,0.3713166471397773
154,0,-0.21885092859445543,0.44550460248637425
4850,1,0.4244991368168071,0.6045593509569854
2619,0,-0.5055830273096378,0.3762295364737719
6615,1,0.8412175094433505,0.6987215755866545
603,0,-0.37513384860052224,0.4073010876677777
4639,1,0.4244991368168071,0.6045593509569854
1824,0,-0.5667272097825353,0.3619923465542118
8111,0,-0.3164348235422521,0.4215448535408599
6837,1,0.8412175094433505,0.6987215755866545
5941,1,0.34396485510998137,0.5851533110018066
3110,1,0.3147337404763063,0.5780402909501148
739,0,-0.16860225462928802,0.45794900350564305
4028,1,0.34396485510998137,0.5851533110018066
4853,1,0.4244991368168071,0.6045593509569854
2444,0,-0.5055830273096378,0.3762295364737719
4180,1,0.4244991368168071,0.6045593509569854
5876,1,0.4244991368168071,0.6045593509569854
1190,0,-0.6821328048837221,0.33578544900290686
4566,1,0.4244991368168071,0.6045593509569854
1065,0,-0.21172737021607466,0.447265012854208
7325,0,-0.4732901212788314,0.38383781224214003
7915,0,-0.4732901212788314,0.38383781224214003
6906,0,-0.3164348235422521,0.4215448535408599
5696,1,0.4244991368168071,0.6045593509569854
6851,1,0.39996810259531645,0.5986799963940918
351,0,-0.38225740697890315,0.4055825535342703
2133,0,-0.5265725214483482,0.3713166471397773
6832,1,0.39996810259531645,0.5986799963940918
6259,1,0.39996810259531645,0.5986799963940918
5280,0,-0.403001420371074,0.4005914304677475
3066,0,-0.5055830273096378,0.3762295364737719
7104,1,0.39996810259531645,0.5986799963940918
3621,1,0.4244991368168071,0.6045593509569854
2028,0,-0.6821328048837221,0.33578544900290686
2540,1,0.29374424633759577,0.5729125383206883
655,0,-0.5667272097825353,0.3619923465542118
637,0,-0.5457377156438249,0.366853855729961
1000,0,-0.5055830273096378,0.3762295364737719
4847,1,0.4244991368168071,0.6045593509569854
132,0,-0.21172737021607466,0.447265012854208
1964,0,-0.7031222990224324,0.33112033784031114
7822,1,0.8412175094433505,0.6987215755866545
4026,1,0.29374424633759577,0.5729125383206883
63,0,-0.5667272097825353,0.3619923465542118
6743,1,0.39996810259531645,0.5986799963940918
1830,0,-0.5265725214483482,0.3713166471397773
6834,1,0.8412175094433505,0.6987215755866545
3666,0,-0.5265725214483482,0.3713166471397773
6899,1,0.8412175094433505,0.6987215755866545
2965,0,-0.5265725214483482,0.3713166471397773
970,0,-0.61313911827717,0.35134345558345614
3044,0,-0.5265725214483482,0.3713166471397773
4935,1,0.4244991368168071,0.6045593509569854
7860,0,-0.3164348235422521,0.4215448535408599
3430,0,-0.5265725214483482,0.3713166471397773
6242,1,0.8412175094433505,0.6987215755866545
3819,0,-0.5265725214483482,0.3713166471397773
1467,0,-0.21885092859445543,0.44550460248637425
2497,0,-0.5055830273096378,0.3762295364737719
612,0,-0.6821328048837221,0.33578544900290686
1199,0,-0.5457377156438249,0.366853855729961
2837,0,-0.5265725214483482,0.3713166471397773
2175,0,-0.5055830273096378,0.3762295364737719
7526,0,-0.5265725214483482,0.3713166471397773
7245,0,-0.3164348235422521,0.4215448535408599
6578,1,0.8412175094433505,0.6987215755866545
5243,0,-0.403001420371074,0.4005914304677475
5022,1,0.4244991368168071,0.6045593509569854
1219,0,-0.7031222990224324,0.33112033784031114
5682,1,0.39996810259531645,0.5986799963940918
6384,1,0.39996810259531645,0.5986799963940918
6808,1,0.39996810259531645,0.5986799963940918
5649,0,-0.403001420371074,0.4005914304677475
1723,0,-0.7031222990224324,0.33112033784031114
7125,1,0.39996810259531645,0.5986799963940918
5777,0,-0.2357414283821803,0.4413360741164819
3940,1,0.4244991368168071,0.6045593509569854
300,0,-0.5921496241384597,0.3561417828556476
1686,0,-0.61313911827717,0.35134345558345614
92,0,-0.552861274022206,0.36520082668142667
7830,0,-0.3164348235422521,0.4215448535408599
731,0,-0.61313911827717,0.35134345558345614
7080,1,0.39996810259531645,0.5986799963940918
2481,0,-0.5055830273096378,0.3762295364737719
8002,0,-0.3164348235422521,0.4215448535408599
4081,1,0.4244991368168071,0.6045593509569854
4663,0,-0.2357414283821803,0.4413360741164819
1001,0,-0.37513384860052224,0.4073010876677777
3506,1,0.4244991368168071,0.6045593509569854
4302,1,0.4244991368168071,0.6045593509569854
71,0,-0.5667272097825353,0.3619923465542118
1399,1,0.31154471293661423,0.5772622631877472
2180,0,-0.5265725214483482,0.3713166471397773
5019,1,0.4244991368168071,0.6045593509569854
6470,1,0.8412175094433505,0.6987215755866545
3261,0,-0.5055830273096378,0.3762295364737719
4720,1,0.4244991368168071,0.6045593509569854
2727,0,-0.5265725214483482,0.3713166471397773
7932,1,0.39996810259531645,0.5986799963940918
7592,1,0.39996810259531645,0.5986799963940918
7663,1,0.39996810259531645,0.5986799963940918
1617,0,-0.61313911827717,0.35134345558345614
6175,1,0.8412175094433505,0.6987215755866545
3247,0,-0.5265725214483482,0.3713166471397773
7817,0,-0.3164348235422521,0.4215448535408599
7813,0,-0.4732901212788314,0.38383781224214003
2502,0,-0.5055830273096378,0.3762295364737719
1515,0,-0.7031222990224324,0.33112033784031114
931,0,-0.7031222990224324,0.33112033784031114
1503,0,-0.5921496241384597,0.3561417828556476
4722,1,0.8412175094433505,0.6987215755866545
1037,0,-0.23686999548056667,0.4410578347068227
4835,1,0.29374424633759577,0.5729125383206883
1056,0,-0.2297464371021861,0.44281470602772943
153,0,-0.16860225462928802,0.45794900350564305
1660,0,-0.5921496241384597,0.3561417828556476
906,1,0.33253420707532466,0.5823758603985844
5860,1,0.8412175094433505,0.6987215755866545
2593,0,-0.5265725214483482,0.3713166471397773
5319,1,0.4244991368168071,0.6045593509569854
4930,0,-0.15600382843598712,0.46107794868519364
2168,0,-0.5055830273096378,0.3762295364737719
4488,1,0.4244991368168071,0.6045593509569854
6105,1,0.39996810259531645,0.5986799963940918
5405,1,0.23989103537542777,0.5596867964736852
3689,0,-0.5265725214483482,0.3713166471397773
6948,1,0.39996810259531645,0.5986799963940918
8052,0,-0.4732901212788314,0.38383781224214003
5451,1,0.34396485510998137,0.5851533110018066
2024,0,-0.5265725214483482,0.3713166471397773
4474,1,0.4244991368168071,0.6045593509569854
2596,0,-0.5265725214483482,0.3713166471397773
3406,0,-0.5265725214483482,0.3713166471397773
4023,1,0.39996810259531645,0.5986799963940918
1145,0,-0.61313911827717,0.35134345558345614
6813,1,0.39996810259531645,0.5986799963940918
7126,1,0.39996810259531645,0.5986799963940918
3770,0,-0.5265725214483482,0.3713166471397773
4727,1,0.4244991368168071,0.6045593509569854
208,0,-0.5667272097825353,0.3619923465542118
3031,0,-0.5265725214483482,0.3713166471397773
4661,1,0.34396485510998137,0.5851533110018066
130,0,-0.5667272097825353,0.3619923465542118
1552,0,-0.6821328048837221,0.33578544900290686
3015,0,-0.5055830273096378,0.3762295364737719
3858,1,0.29374424633759577,0.5729125383206883
4808,1,0.4244991368168071,0.6045593509569854
1823,0,-0.5265725214483482,0.3713166471397773
3498,0,-0.5265725214483482,0.3713166471397773
636,0,-0.3612679128401927,0.41065267468422645
1889,0,-0.5265725214483482,0.3713166471397773
4604,1,0.4244991368168071,0.6045593509569854
7011,0,-0.3164348235422521,0.4215448535408599
6882,1,0.39996810259531645,0.5986799963940918
7617,0,-0.4732901212788314,0.38383781224214003
2889,0,-0.5055830273096378,0.3762295364737719
2013,0,-0.5921496241384597,0.3561417828556476
7229,0,-0.3164348235422521,0.4215448535408599
2112,1,0.31154471293661423,0.5772622631877472
2478,1,0.33253420707532466,0.5823758603985844
1984,0,-0.5265725214483482,0.3713166471397773
100,0,-0.5921496241384597,0.3561417828556476
6395,1,0.8412175094433505,0.6987215755866545
1671,0,-0.5667272097825353,0.3619923465542118
3949,1,0.4244991368168071,0.6045593509569854
5664,0,-0.06602064769072472,0.48350083058845356
4761,1,0.4244991368168071,0.6045593509569854
5444,1,0.34396485510998137,0.5851533110018066
5360,1,0.8412175094433505,0.6987215755866545
1377,0,-0.5921496241384597,0.3561417828556476
590,1,0.33253420707532466,0.5823758603985844
1944,0,-0.61313911827717,0.35134345558345614
7718,1,0.39996810259531645,0.5986799963940918
4276,0,-0.15600382843598712,0.46107794868519364
4649,1,0.4244991368168071,0.6045593509569854
7895,0,-0.3164348235422521,0.4215448535408599
6938,0,-0.3164348235422521,0.4215448535408599
3239,1,0.4244991368168071,0.6045593509569854
6415,1,0.33169838888736586,0.5821725635465187
2046,0,-0.5265725214483482,0.3713166471397773
7558,0,-0.4732901212788314,0.38383781224214003
2537,0,-0.5055830273096378,0.3762295364737719
3039,0,-0.5055830273096378,0.3762295364737719
6134,1,0.39996810259531645,0.5986799963940918
5029,1,0.4244991368168071,0.6045593509569854
1372,0,-0.6821328048837221,0.33578544900290686
3350,0,-0.5265725214483482,0.3713166471397773
1030,0,-0.5265725214483482,0.3713166471397773
2105,0,-0.5055830273096378,0.3762295364737719
6037,1,0.39996810259531645,0.5986799963940918
8031,1,0.8412175094433505,0.6987215755866545
5452,1,0.4244991368168071,0.6045593509569854
6641,1,0.39996810259531645,0.5986799963940918
772,0,-0.552861274022206,0.36520082668142667
5615,1,0.39996810259531645,0.5986799963940918
6456,1,0.39996810259531645,0.5986799963940918
5438,1,0.4244991368168071,0.6045593509569854
7429,1,0.39996810259531645,0.5986799963940918
639,0,-0.552861274022206,0.36520082668142667
2905,0,-0.5055830273096378,0.3762295364737719
4587,1,0.4244991368168071,0.6045593509569854
1201,0,-0.5738507681609163,0.3603487558267963
172,0,-0.21172737021607466,0.447265012854208
6095,1,0.8412175094433505,0.6987215755866545
4758,1,0.4244991368168071,0.6045593509569854
7771,1,0.39996810259531645,0.5986799963940918
3363,1,0.4244991368168071,0.6045593509569854
3796,1,0.29374424633759577,0.5729125383206883
3768,0,-0.5265725214483482,0.3713166471397773
1010,0,-0.5738507681609163,0.3603487558267963
5535,1,0.8412175094433505,0.6987215755866545
5488,1,0.4244991368168071,0.6045593509569854
766,0,-0.2297464371021861,0.44281470602772943
741,0,-0.552861274022206,0.36520082668142667
6098,1,0.39996810259531645,0.5986799963940918
6801,1,0.39996810259531645,0.5986799963940918
5055,1,0.4244991368168071,0.6045593509569854
2861,0,-0.5055830273096378,0.3762295364737719
1914,0,-0.61313911827717,0.35134345558345614
3154,0,-0.5055830273096378,0.3762295364737719
3808,1,0.4244991368168071,0.6045593509569854
2462,0,-0.5055830273096378,0.3762295364737719
7449,0,-0.12484146236023928,0.46883010681182125
972,0,-0.5055830273096378,0.3762295364737719
5544,0,-0.403001420371074,0.4005914304677475
6431,1,0.39996810259531645,0.5986799963940918
1327,0,-0.7031222990224324,0.33112033784031114
4471,1,0.4244991368168071,0.6045593509569854
2260,0,-0.61313911827717,0.35134345558345614
6331,0,-0.3164348235422521,0.4215448535408599
7399,1,0.39996810259531645,0.5986799963940918
6894,1,0.39996810259531645,0.5986799963940918
4484,1,0.4244991368168071,0.6045593509569854
5542,1,0.4244991368168071,0.6045593509569854
3397,1,0.3147337404763063,0.5780402909501148
3354,0,-0.5265725214483482,0.3713166471397773
6666,1,0.39996810259531645,0.5986799963940918
348,0,-0.6821328048837221,0.33578544900290686
5517,1,0.39996810259531645,0.5986799963940918
7721,0,-0.3164348235422521,0.4215448535408599
3490,1,0.4244991368168071,0.6045593509569854
1555,1,0.31154471293661423,0.5772622631877472
5260,1,0.43394803585524355,0.6068160278154359
3311,0,-0.5265725214483482,0.3713166471397773
42,0,-0.16860225462928802,0.45794900350564305
3703,1,0.29374424633759577,0.5729125383206883
7639,1,0.39996810259531645,0.5986799963940918
951,0,-0.5457377156438249,0.366853855729961
2140,0,-0.5055830273096378,0.3762295364737719
5328,1,0.39996810259531645,0.5986799963940918
5995,1,0.8412175094433505,0.6987215755866545
8101,1,0.39996810259531645,0.5986799963940918
5546,0,-0.06602064769072472,0.48350083058845356
6900,0,-0.4732901212788314,0.38383781224214003
5457,1,0.34396485510998137,0.5851533110018066
7032,0,-0.3164348235422521,0.4215448535408599
6390,1,0.39996810259531645,0.5986799963940918
4747,1,0.4244991368168071,0.6045593509569854
547,0,-0.18959174876799845,0.4527435310161049
3234,0,-0.5055830273096378,0.3762295364737719
3627,1,0.29374424633759577,0.5729125383206883
919,0,-0.6821328048837221,0.33578544900290686
6042,1,0.39996810259531645,0.5986799963940918
4532,1,0.4244991368168071,0.6045593509569854
3570,1,0.4244991368168071,0.6045593509569854
3050,0,-0.5055830273096378,0.3762295364737719
1267,1,0.33253420707532466,0.5823758603985844
1022,0,-0.552861274022206,0.36520082668142667
5855,1,0.23989103537542777,0.5596867964736852
6387,1,0.8412175094433505,0.6987215755866545
6856,1,0.8412175094433505,0.6987215755866545
2117,0,-0.5055830273096378,0.3762295364737719
5505,1,0.43394803585524355,0.6068160278154359
85,0,-0.5921496241384597,0.3561417828556476
3958,0,-0.5265725214483482,0.3713166471397773
4264,1,0.4244991368168071,0.6045593509569854
633,0,-0.3541443544618118,0.4123777879966746
7548,0,-0.3164348235422521,0.4215448535408599
8027,1,0.8412175094433505,0.6987215755866545
4064,1,0.4244991368168071,0.6045593509569854
6269,1,0.39996810259531645,0.5986799963940918
2074,1,0.31154471293661423,0.5772622631877472
349,0,-0.18959174876799845,0.4527435310161049
4780,1,0.4244991368168071,0.6045593509569854
811,0,-0.552861274022206,0.36520082668142667
6036,1,0.8412175094433505,0.6987215755866545
4937,1,0.4244991368168071,0.6045593509569854
2872,0,-0.5265725214483482,0.3713166471397773
6261,0,-0.3164348235422521,0.4215448535408599
72,0,-0.2297464371021861,0.44281470602772943
1930,1,0.33253420707532466,0.5823758603985844
3171,0,-0.5055830273096378,0.3762295364737719
4966,0,-0.403001420371074,0.4005914304677475
1603,0,-0.7031222990224324,0.33112033784031114
5376,1,0.23989103537542777,0.5596867964736852
5723,1,0.34396485510998137,0.5851533110018066
7806,1,0.39996810259531645,0.5986799963940918
142,0,-0.18959174876799845,0.4527435310161049
2346,0,-0.7031222990224324,0.33112033784031114
2315,0,-0.5055830273096378,0.3762295364737719
7772,0,-0.3164348235422521,0.4215448535408599
4836,1,0.4244991368168071,0.6045593509569854
7285,1,0.33169838888736586,0.5821725635465187
4567,1,0.4244991368168071,0.6045593509569854
1276,0,-0.7031222990224324,0.33112033784031114
2667,0,-0.5055830273096378,0.3762295364737719
2888,0,-0.5055830273096378,0.3762295364737719
4546,1,0.4244991368168071,0.6045593509569854
3801,1,0.3147337404763063,0.5780402909501148
5406,1,0.4244991368168071,0.6045593509569854
1189,0,-0.61313911827717,0.35134345558345614
7238,1,0.39996810259531645,0.5986799963940918
5364,1,0.34396485510998137,0.5851533110018066
5460,1,0.34396485510998137,0.5851533110018066
2895,0,-0.5055830273096378,0.3762295364737719
3677,0,-0.5055830273096378,0.3762295364737719
4080,1,0.4244991368168071,0.6045593509569854
2357,0,-0.5265725214483482,0.3713166471397773
4248,1,0.4244991368168071,0.6045593509569854
3938,0,-0.5055830273096378,0.3762295364737719
5181,1,0.43394803585524355,0.6068160278154359
1850,0,-0.5055830273096378,0.3762295364737719
1474,0,-0.61313911827717,0.35134345558345614
5977,1,0.34396485510998137,0.5851533110018066
2794,0,-0.5265725214483482,0.3713166471397773
6576,1,0.8412175094433505,0.6987215755866545
7481,0,-0.3164348235422521,0.4215448535408599
2173,0,-0.5055830273096378,0.3762295364737719
4020,1,0.4244991368168071,0.6045593509569854
307,0,-0.5667272097825353,0.3619923465542118
4863,1,0.4244991368168071,0.6045593509569854
5180,1,0.43394803585524355,0.6068160278154359
779,0,-0.5667272097825353,0.3619923465542118
5760,1,0.23989103537542777,0.5596867964736852
3811,0,-0.5055830273096378,0.3762295364737719
7009,0,-0.3164348235422521,0.4215448535408599
2662,0,-0.5265725214483482,0.3713166471397773
48,0,-0.37513384860052224,0.4073010876677777
5900,1,0.39996810259531645,0.5986799963940918
1879,0,-0.5921496241384597,0.3561417828556476
3094,0,-0.5265725214483482,0.3713166471397773
5726,1,0.23989103537542777,0.5596867964736852
949,1,0.31154471293661423,0.5772622631877472
3052,1,0.3147337404763063,0.5780402909501148
7714,1,0.33169838888736586,0.5821725635465187
