param_model__estimator__max_depth,param_model__learning_rate,param_model__n_estimators,mean_train_f1,mean_test_f1,std_test_f1
1,0.1,50,0.968984830662174,0.9689671859556568,0.0041327020766316
1,0.1,150,0.9748208318751204,0.9748134028024684,0.0048446737346415
1,0.5,50,0.9897982945624436,0.989012810480347,0.0056668342991182
1,0.5,150,0.998721533942252,0.9987199975463212,0.0009612804775641
1,1.0,50,0.998721533942252,0.9987199975463212,0.0009612804775641
1,1.0,150,1.0,1.0,0.0
2,0.1,50,0.9977980297836324,0.9975900758956352,0.0029268264774234
2,0.1,150,0.998721533942252,0.9987199975463212,0.0009612804775641
2,0.5,50,0.9996007187063286,0.9990392313851082,0.0011766964336828
2,0.5,150,1.0,1.0,0.0
2,1.0,50,1.0,1.0,0.0
2,1.0,150,1.0,1.0,0.0
