,cap-shape,cap-surface,cap-color,bruises,odor,gill-attachment,gill-spacing,gill-size,gill-color,stalk-shape,stalk-root,stalk-surface-above-ring,stalk-surface-below-ring,stalk-color-above-ring,stalk-color-below-ring,veil-color,ring-number,ring-type,spore-print-color,population,habitat
cap-shape,1.0,0.20276090813424674,0.1683887063649748,0.2549481158364718,0.24294939042071198,0.15966145829746647,0.08582194408439141,0.34634374670150175,0.23524764893104322,0.2983627659135229,0.3605904576508759,0.16292515830196835,0.1097911463236765,0.22366304385912783,0.17845250107036761,0.23878906553430707,0.19942242072563932,0.2066299323293429,0.2498421878191487,0.2428155670972061,0.26785257502463666
cap-surface,0.20276090813424674,1.0,0.22958459280665586,0.13427075339320926,0.23643483785152308,0.21456906487388938,0.3418657821071701,0.2743146559413809,0.2607341587355793,0.08312881161482386,0.31455253231697894,0.14506738588706988,0.1714614488256005,0.2526715723336744,0.25758510487480324,0.13568052984862805,0.0966465311997156,0.22575145072075575,0.23169677353538,0.2624214034860472,0.25581935581310916
cap-color,0.1683887063649748,0.22958459280665586,1.0,0.22135252564758082,0.323803093209501,0.24831355762683294,0.39816718099088466,0.4677891606332998,0.28316157482930915,0.5957315165220832,0.38292969612536104,0.2619353132302362,0.32097127948553517,0.2739693028259465,0.2787397303790478,0.15141106662535772,0.32204828668697477,0.5587713066330986,0.2823527507371516,0.3067734257053744,0.3295499291502526
bruises,0.2549481158364718,0.13427075339320926,0.22135252564758084,1.0,0.6584054892611089,0.13717035331205862,0.30062026941642034,0.3645171177740558,0.6546405578086946,0.09703255573332488,0.5689787915277728,0.5759581258340053,0.566457796495334,0.4871264746080617,0.4968797545657285,0.1346199098433046,0.06810687812293953,0.7668242205742837,0.6067070690321673,0.30461613676441124,0.5352707700857119
odor,0.24294939042071198,0.23643483785152306,0.323803093209501,0.6584054892611089,1.0,0.26161914356257376,0.4326516406795461,0.7612118488961087,0.3833297598831588,0.5721552097744506,0.6183415849765399,0.4145514001656073,0.5035524290190162,0.44991972961693066,0.44765752860974706,0.10484040329927308,0.7435774214772932,0.6954665441553405,0.3948352052504395,0.3693835715182789,0.36768677709173375
gill-attachment,0.1596614582974665,0.21456906487388935,0.24831355762683296,0.13717035331205862,0.2616191435625737,1.0,0.0713297317942773,0.10796641239551555,0.7803837996221666,0.1860753952383324,0.22198033330454095,0.09663729264122303,0.12313252719450606,0.9815194189159464,0.9815194189159464,0.9593052193865,0.20312957700335155,0.2508536988393534,0.8146080150266028,0.38616812427105746,0.4347691765451986
gill-spacing,0.08582194408439141,0.34186578210717006,0.39816718099088466,0.30062026941642034,0.4326516406795461,0.0713297317942773,1.0,0.11252581135006379,0.3298514337604052,0.08302824771223047,0.5788533263821878,0.43437986343986273,0.4120909434208979,0.40303239617389275,0.3799620507236885,0.10109121088257407,0.24392788885632485,0.2896448195450529,0.3085752832461128,0.6775799790450824,0.5471485443588836
gill-size,0.34634374670150175,0.2743146559413809,0.4677891606332998,0.3645171177740558,0.7612118488961086,0.10796641239551555,0.11252581135006379,1.0,0.7876539798240453,0.2177920925772833,0.6276851632112667,0.17099234021524834,0.15319697282520797,0.36852249458024144,0.3550190272585734,0.11452034187593656,0.19503327347521662,0.5677538644604022,0.658750076661166,0.5152280855553081,0.495771802832275
gill-color,0.23524764893104322,0.26073415873557926,0.28316157482930915,0.6546405578086946,0.38332975988315876,0.7803837996221666,0.3298514337604052,0.7876539798240454,1.0,0.6112074504729454,0.514881613901391,0.3551850413399925,0.37821728628448037,0.42211160644718004,0.4161541453512568,0.4597095686681221,0.42492429092911044,0.5098973947781703,0.48119132776579016,0.4238315660233388,0.45995507819206005
stalk-shape,0.29836276591352284,0.08312881161482386,0.5957315165220832,0.0970325557333249,0.5721552097744506,0.1860753952383324,0.08302824771223047,0.2177920925772833,0.6112074504729454,1.0,0.38275533614313717,0.3253614375660959,0.3734045202713623,0.542496996704515,0.5539120757620273,0.18261564781461773,0.33613132678319935,0.6160956787710935,0.4584781705049552,0.4540236583925639,0.42534982888588135
stalk-root,0.3605904576508759,0.31455253231697894,0.3829296961253611,0.5689787915277728,0.6183415849765399,0.22198033330454095,0.5788533263821878,0.6276851632112667,0.514881613901391,0.38275533614313717,1.0,0.30898106873041165,0.5606795756405116,0.37049516054305465,0.37003331647619825,0.15284691505371562,0.2731582450727763,0.4412216088506556,0.5206597348650087,0.5288438186924537,0.5377895644656606
stalk-surface-above-ring,0.16292515830196835,0.14506738588706988,0.2619353132302362,0.5759581258340053,0.4145514001656073,0.09663729264122303,0.43437986343986273,0.17099234021524834,0.3551850413399925,0.3253614375660959,0.30898106873041165,1.0,0.4950469289924427,0.5138717676812347,0.4381895541380277,0.33225835304949536,0.13062992341434698,0.45413059230756436,0.41879284661142196,0.3169631994108602,0.30383219836977093
stalk-surface-below-ring,0.1097911463236765,0.1714614488256005,0.32097127948553517,0.566457796495334,0.5035524290190162,0.12313252719450606,0.4120909434208979,0.15319697282520794,0.37821728628448037,0.37340452027136223,0.5606795756405116,0.4950469289924427,1.0,0.4497334024081779,0.4609389755175288,0.1234207150429541,0.23729416350569385,0.5140360834663543,0.4217981915483371,0.3210692250919863,0.31310397410686375
stalk-color-above-ring,0.22366304385912783,0.2526715723336744,0.2739693028259465,0.4871264746080617,0.44991972961693066,0.9815194189159464,0.40303239617389275,0.36852249458024144,0.42211160644718,0.542496996704515,0.37049516054305465,0.5138717676812347,0.44973340240817783,1.0,0.6420000098122736,0.816496580927726,0.7738906627946222,0.6741326441863059,0.4119055296087666,0.417489073523068,0.42256846733110914
stalk-color-below-ring,0.17845250107036761,0.2575851048748032,0.2787397303790478,0.4968797545657286,0.44765752860974706,0.9815194189159464,0.3799620507236885,0.35501902725857354,0.4161541453512568,0.5539120757620274,0.37003331647619825,0.4381895541380277,0.4609389755175288,0.6420000098122736,1.0,0.6706420078105456,0.7748827250817893,0.6679836461745522,0.40885772362067047,0.41526431928880875,0.42199595384245986
veil-color,0.23878906553430707,0.13568052984862805,0.15141106662535775,0.1346199098433046,0.10484040329927308,0.9593052193865,0.10109121088257407,0.11452034187593656,0.4597095686681221,0.18261564781461773,0.15284691505371562,0.33225835304949536,0.12342071504295411,0.816496580927726,0.6706420078105456,1.0,0.033062039837844635,0.09584365935301406,0.49190310894934997,0.2168529631222483,0.26962499244274307
ring-number,0.19942242072563932,0.0966465311997156,0.32204828668697477,0.06810687812293953,0.7435774214772932,0.20312957700335155,0.24392788885632485,0.19503327347521662,0.42492429092911044,0.33613132678319935,0.2731582450727763,0.13062992341434698,0.23729416350569385,0.7738906627946223,0.7748827250817893,0.033062039837844635,1.0,0.7138924582717922,0.36767126303468545,0.41629950038991304,0.43437502707192543
ring-type,0.2066299323293429,0.22575145072075573,0.5587713066330986,0.7668242205742837,0.6954665441553404,0.2508536988393534,0.2896448195450529,0.5677538644604022,0.5098973947781702,0.6160956787710935,0.4412216088506556,0.4541305923075644,0.5140360834663544,0.6741326441863059,0.6679836461745523,0.09584365935301406,0.7138924582717923,1.0,0.5484724882472166,0.33691026309303723,0.30651947103679655
spore-print-color,0.24984218781914871,0.23169677353538,0.28235275073715166,0.6067070690321674,0.3948352052504395,0.8146080150266028,0.3085752832461128,0.658750076661166,0.48119132776579016,0.4584781705049552,0.5206597348650087,0.41879284661142196,0.4217981915483371,0.4119055296087666,0.40885772362067047,0.49190310894935,0.36767126303468545,0.5484724882472166,1.0,0.29401963383023205,0.32695695423254284
population,0.2428155670972061,0.2624214034860472,0.30677342570537436,0.3046161367644112,0.3693835715182789,0.38616812427105746,0.6775799790450824,0.5152280855553081,0.42383156602333877,0.4540236583925639,0.5288438186924537,0.3169631994108602,0.3210692250919863,0.417489073523068,0.41526431928880875,0.2168529631222483,0.41629950038991304,0.3369102630930373,0.29401963383023205,0.9999999999999999,0.5125953647678329
habitat,0.26785257502463666,0.25581935581310916,0.3295499291502526,0.5352707700857119,0.3676867770917338,0.43476917654519864,0.5471485443588836,0.495771802832275,0.45995507819206005,0.4253498288858813,0.5377895644656606,0.3038321983697709,0.31310397410686375,0.4225684673311092,0.42199595384245986,0.269624992442743,0.43437502707192543,0.30651947103679655,0.32695695423254284,0.512595364767833,0.9999999999999999
