Category,Count,Attribute
x,2938,cap-shape
f,2507,cap-shape
k,681,cap-shape
b,345,cap-shape
s,24,cap-shape
c,4,cap-shape
y,2601,cap-surface
s,2024,cap-surface
f,1870,cap-surface
g,4,cap-surface
n,1835,cap-color
g,1479,cap-color
e,1195,cap-color
y,853,cap-color
w,832,cap-color
b,134,cap-color
p,114,cap-color
c,30,cap-color
r,14,cap-color
u,13,cap-color
f,3793,bruises
t,2706,bruises
n,2828,odor
f,1750,odor
s,465,odor
y,446,odor
a,328,odor
l,304,odor
p,208,odor
c,146,odor
m,24,odor
f,6332,gill-attachment
a,167,gill-attachment
c,5448,gill-spacing
w,1051,gill-spacing
b,4507,gill-size
n,1992,gill-size
b,1379,gill-color
p,1210,gill-color
w,942,gill-color
n,833,gill-color
g,603,gill-color
h,596,gill-color
u,399,gill-color
k,325,gill-color
e,80,gill-color
y,60,gill-color
o,55,gill-color
r,17,gill-color
t,3689,stalk-shape
e,2810,stalk-shape
b,3018,stalk-root
unknown,1990,stalk-root
e,903,stalk-root
c,432,stalk-root
r,156,stalk-root
s,4145,stalk-surface-above-ring
k,1895,stalk-surface-above-ring
f,437,stalk-surface-above-ring
y,22,stalk-surface-above-ring
s,3948,stalk-surface-below-ring
k,1840,stalk-surface-below-ring
f,486,stalk-surface-below-ring
y,225,stalk-surface-below-ring
w,3561,stalk-color-above-ring
p,1475,stalk-color-above-ring
g,472,stalk-color-above-ring
n,362,stalk-color-above-ring
b,361,stalk-color-above-ring
o,154,stalk-color-above-ring
e,83,stalk-color-above-ring
c,24,stalk-color-above-ring
y,7,stalk-color-above-ring
w,3504,stalk-color-below-ring
p,1478,stalk-color-below-ring
g,469,stalk-color-below-ring
n,421,stalk-color-below-ring
b,345,stalk-color-below-ring
o,154,stalk-color-below-ring
e,84,stalk-color-below-ring
c,24,stalk-color-below-ring
y,20,stalk-color-below-ring
p,6499,veil-type
w,6338,veil-color
o,78,veil-color
n,76,veil-color
y,7,veil-color
o,5984,ring-number
t,491,ring-number
n,24,ring-number
p,3167,ring-type
e,2223,ring-type
l,1046,ring-type
f,39,ring-type
n,24,ring-type
w,1908,spore-print-color
n,1575,spore-print-color
k,1491,spore-print-color
h,1321,spore-print-color
r,56,spore-print-color
b,38,spore-print-color
y,37,spore-print-color
u,37,spore-print-color
o,36,spore-print-color
v,3217,population
y,1376,population
s,1017,population
n,309,population
a,307,population
c,273,population
d,2492,habitat
g,1727,habitat
p,911,habitat
l,678,habitat
u,298,habitat
m,231,habitat
w,162,habitat
