Model,Fold,F1,FN,FP,Selected attributes
Decision Tree,1,0.9743828598043782,0,55,"odor, gill-size, spore-print-color, population, ring-type"
Random Forest,1,0.9743828598043782,0,55,"odor, gill-size, spore-print-color, population, ring-type"
AdaBoost,1,0.9743828598043782,0,55,"odor, gill-size, spore-print-color, population, ring-type"
XGBoost,1,0.9835448989186648,0,35,"odor, gill-size, spore-print-color, population, ring-type"
Decision Tree,2,1.0,0,0,"odor, spore-print-color, stalk-surface-below-ring, ring-type, stalk-color-above-ring"
Random Forest,2,1.0,0,0,"odor, spore-print-color, stalk-surface-below-ring, ring-type, stalk-color-above-ring"
AdaBoost,2,1.0,0,0,"odor, spore-print-color, stalk-surface-below-ring, ring-type, stalk-color-above-ring"
XGBoost,2,1.0,0,0,"odor, spore-print-color, stalk-surface-below-ring, ring-type, stalk-color-above-ring"
Decision Tree,3,1.0,0,0,"odor, spore-print-color, stalk-surface-below-ring, ring-type, stalk-color-above-ring"
Random Forest,3,1.0,0,0,"odor, spore-print-color, stalk-surface-below-ring, ring-type, stalk-color-above-ring"
AdaBoost,3,1.0,0,0,"odor, spore-print-color, stalk-surface-below-ring, ring-type, stalk-color-above-ring"
XGBoost,3,1.0,0,0,"odor, spore-print-color, stalk-surface-below-ring, ring-type, stalk-color-above-ring"
Decision Tree,4,0.9700598802395209,30,0,"odor, spore-print-color, ring-type, stalk-surface-below-ring, bruises"
Random Forest,4,0.9700598802395209,30,0,"odor, spore-print-color, ring-type, stalk-surface-below-ring, bruises"
AdaBoost,4,0.9700598802395209,30,0,"odor, spore-print-color, ring-type, stalk-surface-below-ring, bruises"
XGBoost,4,0.9700598802395209,30,0,"odor, spore-print-color, ring-type, stalk-surface-below-ring, bruises"
Decision Tree,5,0.9349593495934959,64,0,"odor, spore-print-color, ring-type, stalk-surface-below-ring, bruises"
Random Forest,5,0.9349593495934959,64,0,"odor, spore-print-color, ring-type, stalk-surface-below-ring, bruises"
AdaBoost,5,0.8646616541353384,64,80,"odor, spore-print-color, ring-type, stalk-surface-below-ring, bruises"
XGBoost,5,0.9349593495934959,64,0,"odor, spore-print-color, ring-type, stalk-surface-below-ring, bruises"
