param_model__max_depth,param_model__max_features,param_model__min_samples_leaf,param_model__n_estimators,mean_train_f1,mean_test_f1,std_test_f1
6.0,sqrt,1,100,0.9927932865886624,0.9927513872690892,0.0040490428225777
6.0,sqrt,1,250,0.9947678987184227,0.9938740817358092,0.0050107928907734
6.0,sqrt,3,100,0.9927932865886624,0.9927513872690892,0.0040490428225777
6.0,sqrt,3,250,0.9945682580715872,0.9933936974283633,0.0044883774039133
6.0,0.7,1,100,1.0,1.0,0.0
6.0,0.7,1,250,1.0,1.0,0.0
6.0,0.7,3,100,1.0,1.0,0.0
6.0,0.7,3,250,1.0,1.0,0.0
,sqrt,1,100,1.0,1.0,0.0
,sqrt,1,250,1.0,1.0,0.0
,sqrt,3,100,1.0,1.0,0.0
,sqrt,3,250,1.0,1.0,0.0
,0.7,1,100,1.0,1.0,0.0
,0.7,1,250,1.0,1.0,0.0
,0.7,3,100,1.0,1.0,0.0
,0.7,3,250,1.0,1.0,0.0
