Model,Fold,Validation rows,Validation rows with seen profiles,Attributes
Decision Tree,1,1300,1300,"odor, spore-print-color, ring-type, stalk-surface-below-ring, gill-size"
Decision Tree,2,1300,1300,"odor, spore-print-color, ring-type, stalk-surface-below-ring, gill-size"
Decision Tree,3,1300,1300,"odor, spore-print-color, ring-type, stalk-surface-below-ring, gill-size"
Decision Tree,4,1300,1300,"odor, spore-print-color, ring-type, stalk-surface-below-ring, gill-size"
Decision Tree,5,1299,1299,"odor, spore-print-color, ring-type, stalk-surface-below-ring, gill-size"
Random Forest,1,1300,1300,"odor, spore-print-color, ring-type, stalk-surface-below-ring, gill-size"
Random Forest,2,1300,1300,"odor, spore-print-color, ring-type, stalk-surface-below-ring, gill-size"
Random Forest,3,1300,1300,"odor, spore-print-color, ring-type, stalk-surface-below-ring, gill-size"
Random Forest,4,1300,1300,"odor, spore-print-color, ring-type, stalk-surface-below-ring, gill-size"
Random Forest,5,1299,1299,"odor, spore-print-color, ring-type, stalk-surface-below-ring, gill-size"
AdaBoost,1,1300,1300,"odor, spore-print-color, ring-type, stalk-surface-below-ring, gill-size"
AdaBoost,2,1300,1300,"odor, spore-print-color, ring-type, stalk-surface-below-ring, gill-size"
AdaBoost,3,1300,1300,"odor, spore-print-color, ring-type, stalk-surface-below-ring, gill-size"
AdaBoost,4,1300,1300,"odor, spore-print-color, ring-type, stalk-surface-below-ring, gill-size"
AdaBoost,5,1299,1299,"odor, spore-print-color, ring-type, stalk-surface-below-ring, gill-size"
XGBoost,1,1300,1300,"odor, spore-print-color, ring-type, stalk-surface-below-ring, gill-size"
XGBoost,2,1300,1300,"odor, spore-print-color, ring-type, stalk-surface-below-ring, gill-size"
XGBoost,3,1300,1300,"odor, spore-print-color, ring-type, stalk-surface-below-ring, gill-size"
XGBoost,4,1300,1300,"odor, spore-print-color, ring-type, stalk-surface-below-ring, gill-size"
XGBoost,5,1299,1299,"odor, spore-print-color, ring-type, stalk-surface-below-ring, gill-size"
