,Cramers V
odor,0.9715945694841213
spore-print-color,0.7525601491262988
gill-color,0.6775506026075595
ring-type,0.6018568908754285
stalk-surface-above-ring,0.5860042311828049
stalk-surface-below-ring,0.5756171939974292
gill-size,0.5414837613622289
stalk-color-above-ring,0.5247143918336821
stalk-color-below-ring,0.5195598766118317
bruises,0.4975488894175827
population,0.48732830311277275
habitat,0.4443939766312978
stalk-root,0.40422090016907747
gill-spacing,0.3476382498565971
cap-shape,0.24300972425385295
ring-number,0.21878315021516292
cap-color,0.21659558513714752
cap-surface,0.19235095206189093
veil-color,0.15394062080463822
gill-attachment,0.13137884842053257
stalk-shape,0.10154963035850832
