Row ID,Partition
5134,train
7112,train
7669,train
3264,train
2636,train
7331,train
4318,train
1387,train
7749,train
2205,train
8019,train
3967,train
6301,train
4123,train
4225,train
6855,train
2225,train
3371,train
706,train
6203,train
7000,train
1086,train
2,train
917,train
3056,train
4151,train
4348,train
806,train
7128,train
1101,train
5710,train
1808,train
663,train
1303,train
122,train
2141,train
316,train
4887,train
2398,train
4088,train
3951,train
2741,train
5337,train
2986,train
281,train
3936,train
1650,train
625,train
8004,train
5348,train
2757,train
6149,train
5403,train
7674,train
518,train
145,train
967,train
2049,train
224,train
4998,train
1168,train
1319,train
1535,train
5716,train
8006,train
1480,train
426,train
3853,train
3717,train
7859,train
2856,train
7207,train
3274,train
6961,train
3504,train
3248,train
4540,train
5562,train
5199,train
802,train
7602,train
3943,train
6789,train
4883,train
867,train
2983,train
3769,train
7596,train
6635,train
3449,train
6004,train
1473,train
7250,train
3313,train
6508,train
480,train
4694,train
3257,train
6223,train
5485,train
4764,train
1243,train
4372,train
1985,train
4733,train
3093,train
7175,train
3383,train
3112,train
2821,train
1913,train
3197,train
674,train
1718,train
6769,train
605,train
850,train
6413,train
4496,train
7106,train
7086,train
788,train
1936,train
5929,train
237,train
6272,train
4052,train
5023,train
4461,train
6923,train
4931,train
3501,train
6538,train
910,train
5952,train
1097,train
1342,train
7756,train
756,train
474,train
6583,train
4109,train
5248,train
6103,train
3965,train
5188,train
3652,train
3242,train
7799,train
7450,train
7704,train
6430,train
7992,train
1580,train
3281,train
5858,train
1564,train
6021,train
195,train
5147,train
3045,train
5026,train
1546,train
1070,train
3817,train
1490,train
2156,train
425,train
4922,train
7583,train
582,train
3108,train
2423,train
2340,train
4150,train
614,train
5672,train
4900,train
5466,train
6963,train
98,train
5,train
1536,train
4287,train
7096,train
5655,train
1672,train
7765,train
4244,train
2958,train
2252,train
3453,train
4227,train
1685,train
2264,train
2686,train
4958,train
4648,train
3630,train
6854,train
5869,train
2857,train
64,train
5292,train
472,train
5156,train
5902,train
6545,train
1748,train
6653,train
7363,train
3303,train
5504,train
4214,train
7732,train
415,train
7545,train
760,train
458,train
2370,train
2475,train
4948,train
721,train
6564,train
702,train
5611,train
2561,train
6250,train
7212,train
1594,train
7101,train
5297,train
7666,train
1505,train
6043,train
3551,train
2578,train
473,train
7523,train
296,train
1622,train
54,train
4535,train
5769,train
2952,train
5843,train
8078,train
6695,train
3210,train
507,train
7940,train
5279,train
4339,train
3474,train
7254,train
5394,train
5136,train
186,train
4989,train
5160,train
3123,train
2146,train
5251,train
6857,train
3763,train
987,train
5634,train
5642,train
5568,train
6489,train
249,train
2482,train
1151,train
3594,train
149,train
1551,train
164,train
2824,train
4828,train
3634,train
7872,train
5741,train
3927,train
4632,train
7176,train
3996,train
4980,train
2186,train
3460,train
3698,train
2183,train
1519,train
4721,train
7120,train
7103,train
6523,train
576,train
2195,train
483,train
6114,train
1886,train
3304,train
6541,train
5935,train
113,train
3798,train
364,train
3032,train
1221,train
6625,train
4156,train
6347,train
5553,train
5443,train
670,train
6524,train
3048,train
4369,train
6445,train
5784,train
2452,train
5923,train
7668,train
4330,train
3169,train
3625,train
7818,train
7152,train
4712,train
5461,train
1534,train
4254,train
2700,train
29,train
2229,train
1620,train
387,train
1752,train
5577,train
3011,train
2993,train
984,train
1842,train
7779,train
5388,train
6020,train
2960,train
6492,train
5171,train
3332,train
5660,train
666,train
103,train
7182,train
2874,train
887,train
6646,train
622,train
233,train
468,train
5013,train
3557,train
5850,train
2069,train
3481,train
5685,train
3597,train
1813,train
1238,train
1644,train
7982,train
383,train
1451,train
1844,train
7217,train
3874,train
3459,train
5142,train
5686,train
927,train
1249,train
1898,train
2268,train
7050,train
6811,train
5236,train
2438,train
388,train
2075,train
4582,train
790,train
74,train
8072,train
3390,train
6083,train
3325,train
6189,train
1140,train
4603,train
672,train
106,train
2748,train
4229,train
6306,train
135,train
6798,train
200,train
5919,train
7914,train
5846,train
3727,train
3539,train
3746,train
4660,train
1499,train
7299,train
5671,train
5073,train
1547,train
3658,train
1389,train
1616,train
6745,train
2296,train
7357,train
3131,train
1265,train
1099,train
8058,train
6645,train
6596,train
6722,train
7292,train
798,train
2048,train
1450,train
1932,train
3360,train
3022,train
1571,train
1708,train
7236,train
4453,train
7154,train
3910,train
253,train
6119,train
4979,train
3961,train
4946,train
960,train
5240,train
1390,train
4063,train
5563,train
6403,train
5092,train
2152,train
5098,train
3456,train
4094,train
4711,train
2157,train
3737,train
4636,train
632,train
3730,train
1574,train
2897,train
6040,train
6117,train
205,train
4408,train
6490,train
3417,train
2563,train
4521,train
6008,train
2176,train
2780,train
3944,train
5301,train
6522,train
6579,train
1658,train
4114,train
5897,train
7098,train
7975,train
3004,train
5789,train
2720,train
7127,train
7984,train
4053,train
2019,train
1747,train
585,train
764,train
2148,train
7815,train
5234,train
995,train
1684,train
7546,train
5356,train
5996,train
5543,train
7351,train
2034,train
345,train
3381,train
2990,train
3778,train
4250,train
6389,train
3168,train
6239,train
958,train
8066,train
6871,train
1375,train
6546,train
3204,train
6126,train
2266,train
3179,train
3726,train
3361,train
3871,train
1401,train
1468,train
4350,train
7115,train
2154,train
496,train
7858,train
2521,train
5801,train
263,train
2412,train
7645,train
3959,train
943,train
1058,train
4645,train
7102,train
51,train
3563,train
4008,train
6893,train
5693,train
810,train
923,train
6720,train
826,train
793,train
3869,train
3442,train
657,train
2867,train
957,train
1697,train
4232,train
3976,train
4241,train
7291,train
2524,train
315,train
4857,train
4074,train
2285,train
4400,train
1166,train
4307,train
6243,train
2226,train
3667,train
2963,train
3352,train
649,train
5870,train
6170,train
6571,train
568,train
5397,train
7865,train
8038,train
6561,train
3326,train
5922,train
318,train
3777,train
7164,train
1817,train
3780,train
6924,train
6757,train
3672,train
2841,train
2174,train
359,train
4034,train
2513,train
1280,train
1003,train
303,train
3911,train
761,train
2923,train
4118,train
4130,train
7641,train
7067,train
6849,train
2518,train
4952,train
1048,train
462,train
6464,train
2904,train
3017,train
7168,train
3603,train
4304,train
7660,train
6450,train
983,train
2000,train
5332,train
7055,train
2246,train
7945,train
4568,train
6467,train
4550,train
1982,train
600,train
7195,train
5593,train
2691,train
3215,train
4681,train
361,train
4631,train
6344,train
7790,train
6690,train
3157,train
2998,train
1921,train
7613,train
7135,train
1496,train
83,train
6365,train
6530,train
5220,train
765,train
7226,train
6071,train
3437,train
7605,train
4378,train
4047,train
6731,train
4910,train
3588,train
6393,train
909,train
3928,train
4014,train
3161,train
1561,train
4309,train
981,train
1732,train
1262,train
5413,train
1411,train
2822,train
752,train
4365,train
3572,train
1514,train
6455,train
196,train
7963,train
874,train
6323,train
4698,train
4143,train
6705,train
2126,train
6783,train
6151,train
5382,train
3695,train
5003,train
5131,train
648,train
1927,train
3292,train
163,train
7580,train
1150,train
311,train
3983,train
2247,train
4019,train
2851,train
3754,train
1961,train
5274,train
3267,train
5648,train
6116,train
1114,train
5823,train
5802,train
2203,train
6165,train
1972,train
1904,train
4601,train
5743,train
6199,train
1998,train
1831,train
5578,train
662,train
4300,train
4886,train
922,train
1172,train
945,train
4819,train
1916,train
8107,train
111,train
2704,train
2879,train
4281,train
903,train
1304,train
4470,train
1475,train
5339,train
698,train
4175,train
5427,train
4299,train
5374,train
7848,train
5591,train
7549,train
6922,train
2251,train
2406,train
4544,train
4148,train
4918,train
3535,train
187,train
4909,train
69,train
3805,train
2281,train
5123,train
2193,train
7601,train
1716,train
5284,train
2878,train
3660,train
3696,train
1807,train
644,train
6862,train
653,train
2125,train
6609,train
4699,train
1694,train
7688,train
3748,train
3010,train
7306,train
6715,train
489,train
5108,train
1939,train
4760,train
5781,train
7073,train
448,train
5774,train
1079,train
7255,train
5840,train
6537,train
4191,train
5966,train
1080,train
3918,train
2580,train
228,train
5120,train
7355,train
511,train
5124,train
4817,train
3520,train
541,train
5107,train
2974,train
2725,train
7037,train
5631,train
892,train
4387,train
7770,train
3584,train
3333,train
3202,train
203,train
1421,train
7871,train
5989,train
4432,train
118,train
1493,train
7877,train
1415,train
2016,train
7395,train
7159,train
2924,train
1002,train
1969,train
7275,train
3994,train
4458,train
1942,train
6321,train
3797,train
1486,train
7388,train
7332,train
3624,train
2801,train
740,train
1791,train
7171,train
2530,train
2334,train
1918,train
2526,train
1082,train
3322,train
1305,train
7157,train
2534,train
60,train
834,train
2109,train
1593,train
3042,train
5178,train
5218,train
6792,train
2332,train
1738,train
6742,train
5766,train
3806,train
6940,train
2433,train
4868,train
1729,train
4200,train
5565,train
4493,train
5601,train
2095,train
1895,train
5256,train
2721,train
5384,train
6725,train
7649,train
4651,train
2570,train
6503,train
6988,train
8064,train
1855,train
4451,train
4112,train
3582,train
1046,train
3799,train
6077,train
638,train
4605,train
532,train
3945,train
4501,train
762,train
7314,train
6612,train
2576,train
1353,train
6661,train
3759,train
4144,train
1039,train
6346,train
1055,train
1967,train
8059,train
6075,train
5385,train
5800,train
7955,train
7922,train
2760,train
928,train
6943,train
2150,train
2021,train
3080,train
5536,train
3508,train
7012,train
7006,train
6451,train
1119,train
2439,train
7201,train
2976,train
7296,train
4508,train
4630,train
5210,train
143,train
1759,train
4533,train
1500,train
1153,train
7304,train
66,train
3764,train
2678,train
1116,train
1361,train
4557,train
2286,train
2302,train
2968,train
6287,train
6709,train
671,train
8073,train
7616,train
799,train
287,train
4614,train
2982,train
2806,train
2244,train
7886,train
4035,train
7370,train
602,train
4265,train
2908,train
8100,train
6736,train
4713,train
1947,train
3894,train
2081,train
2527,train
5628,train
298,train
5336,train
3408,train
975,train
1806,train
6262,train
4827,train
8009,train
5207,train
6623,train
4483,train
4872,train
859,train
7796,train
4155,train
6788,train
7476,train
1754,train
6483,train
627,train
4062,train
7415,train
5255,train
330,train
7017,train
6716,train
3898,train
1596,train
6252,train
3881,train
181,train
4306,train
3637,train
7759,train
3019,train
3457,train
5637,train
6557,train
1228,train
4246,train
732,train
2729,train
1370,train
4263,train
1888,train
75,train
4507,train
2061,train
2898,train
6979,train
2542,train
3734,train
1317,train
2392,train
1147,train
285,train
4610,train
629,train
1590,train
7318,train
4994,train
7942,train
3225,train
1670,train
7552,train
4457,train
5437,train
2991,train
4968,train
358,train
5665,train
6085,train
8003,train
6556,train
6631,train
4105,train
1549,train
2039,train
8046,train
1890,train
3640,train
580,train
2840,train
3244,train
4110,train
4586,train
7544,train
1727,train
7863,train
3301,train
1374,train
3960,train
6422,train
7758,train
2366,train
6911,train
6336,train
1531,train
4971,train
1332,train
2605,train
2799,train
5299,train
7167,train
7594,train
1261,train
854,train
3487,train
2980,train
3178,train
6779,train
1661,train
7565,train
4625,train
3432,train
897,train
346,train
6812,train
1204,train
7493,train
2364,train
7924,train
241,train
6685,train
5913,train
6267,train
2291,train
216,train
1179,train
7679,train
1141,train
571,train
6270,train
5259,train
1887,train
2920,train
4707,train
5281,train
1736,train
5914,train
808,train
3755,train
2909,train
4251,train
4934,train
3607,train
5264,train
2054,train
6047,train
6519,train
7851,train
6986,train
7593,train
38,train
4951,train
579,train
4729,train
260,train
6597,train
6063,train
6106,train
6217,train
7983,train
1642,train
3962,train
1302,train
6121,train
7252,train
1398,train
4894,train
3612,train
4102,train
3639,train
6754,train
7319,train
5083,train
1560,train
647,train
6092,train
7667,train
7908,train
4932,train
2056,train
4027,train
442,train
6302,train
411,train
4386,train
6304,train
4594,train
136,train
3610,train
3214,train
3107,train
4090,train
5707,train
2169,train
423,train
3837,train
7020,train
3750,train
2604,train
7755,train
814,train
5950,train
2215,train
7198,train
5298,train
4204,train
6990,train
2060,train
3009,train
4902,train
6493,train
4849,train
3628,train
68,train
2579,train
2919,train
5075,train
5839,train
2736,train
3133,train
5344,train
1326,train
5689,train
3191,train
3101,train
1605,train
1270,train
1869,train
1098,train
4113,train
6342,train
1958,train
2698,train
497,train
7794,train
2709,train
5053,train
7797,train
6723,train
7661,train
4665,train
265,train
2971,train
6515,train
7421,train
4504,train
3648,train
1422,train
5691,train
890,train
2380,train
2164,train
3617,train
2434,train
3001,train
3866,train
4285,train
4135,train
7004,train
4725,train
3122,train
4700,train
4787,train
2764,train
4146,train
7447,train
3330,train
202,train
5678,train
5362,train
1604,train
1621,train
5688,train
3661,train
4179,train
1597,train
7177,train
1524,train
6142,train
8051,train
3429,train
1328,train
3040,train
841,train
8108,train
1955,train
759,train
6220,train
7336,train
1234,train
3827,train
4176,train
1416,train
3720,train
748,train
4093,train
2734,train
1464,train
1381,train
2003,train
289,train
6775,train
127,train
5925,train
6055,train
5827,train
858,train
3368,train
7184,train
6435,train
3542,train
4388,train
3451,train
2066,train
7951,train
1602,train
6225,train
3814,train
3744,train
1820,train
3731,train
244,train
4385,train
5874,train
2106,train
6582,train
7961,train
5757,train
1032,train
7673,train
4288,train
4548,train
5037,train
2181,train
4891,train
4963,train
5197,train
4749,train
4895,train
3069,train
2645,train
7329,train
7486,train
4896,train
6513,train
5172,train
3096,train
4517,train
5972,train
1309,train
6514,train
6292,train
2397,train
1497,train
3622,train
4696,train
4706,train
392,train
453,train
2631,train
6476,train
4216,train
4581,train
1461,train
5269,train
6850,train
309,train
7312,train
4516,train
8017,train
3920,train
144,train
412,train
5791,train
4602,train
6316,train
3336,train
6676,train
4704,train
1269,train
654,train
6864,train
255,train
7800,train
6334,train
4468,train
1247,train
526,train
3645,train
3822,train
4599,train
1776,train
1405,train
7706,train
4210,train
1656,train
757,train
7064,train
615,train
5676,train
3277,train
5417,train
5594,train
7719,train
3529,train
5320,train
3502,train
1799,train
3376,train
5239,train
824,train
6892,train
6168,train
7360,train
4178,train
3699,train
8053,train
2089,train
7683,train
1360,train
284,train
2562,train
1083,train
7258,train
932,train
838,train
5651,train
3982,train
8120,train
182,train
5717,train
3347,train
7856,train
6401,train
3647,train
5472,train
3656,train
3868,train
485,train
2639,train
1418,train
1709,train
3057,train
1988,train
6818,train
5652,train
2800,train
2079,train
1217,train
2559,train
7477,train
6256,train
7384,train
2320,train
35,train
3305,train
8094,train
3534,train
3620,train
4600,train
5732,train
4476,train
4086,train
6265,train
3613,train
229,train
2681,train
6816,train
3088,train
7271,train
4346,train
5826,train
4456,train
4382,train
6776,train
1878,train
2522,train
1822,train
2425,train
3891,train
4779,train
1627,train
2858,train
112,train
888,train
2552,train
2123,train
6978,train
5647,train
1023,train
3998,train
7033,train
6300,train
7110,train
7341,train
5632,train
552,train
2515,train
6206,train
4486,train
7383,train
860,train
3078,train
3828,train
5638,train
5988,train
5813,train
5871,train
6326,train
6378,train
5043,train
2668,train
251,train
7622,train
2194,train
7832,train
4662,train
7658,train
1231,train
3521,train
2289,train
2611,train
3275,train
3166,train
327,train
2211,train
3825,train
7538,train
6210,train
4774,train
3095,train
5754,train
3475,train
6214,train
620,train
3589,train
6835,train
553,train
4106,train
2361,train
2966,train
5868,train
2040,train
4876,train
3839,train
3713,train
6870,train
6421,train
1783,train
7051,train
2318,train
1035,train
3252,train
533,train
2351,train
3114,train
7438,train
7480,train
4506,train
5516,train
6512,train
5877,train
1941,train
6838,train
3653,train
6941,train
623,train
7621,train
6550,train
6928,train
6031,train
6993,train
7618,train
5620,train
1102,train
1446,train
1584,train
6419,train
3271,train
3536,train
2094,train
2961,train
7210,train
6296,train
4320,train
4039,train
4560,train
6034,train
6797,train
4249,train
555,train
4196,train
5261,train
4565,train
7261,train
7659,train
5817,train
6361,train
7519,train
5446,train
6877,train
7729,train
2486,train
8099,train
5598,train
5422,train
3602,train
3132,train
2480,train
7959,train
6354,train
5370,train
5889,train
1306,train
4075,train
3190,train
6130,train
5262,train
4266,train
6006,train
7248,train
5653,train
6999,train
2338,train
3544,train
7568,train
7935,train
4115,train
5246,train
4153,train
6613,train
7468,train
688,train
4938,train
973,train
21,train
5380,train
1637,train
1896,train
5445,train
5306,train
8000,train
6554,train
3552,train
4404,train
3445,train
4329,train
4342,train
1532,train
3566,train
5495,train
5149,train
4136,train
815,train
1784,train
7361,train
4361,train
5143,train
6447,train
2607,train
2306,train
5410,train
5698,train
2159,train
449,train
1750,train
3601,train
6486,train
2310,train
3984,train
5285,train
8110,train
6271,train
5886,train
6281,train
3025,train
3308,train
2900,train
4326,train
2026,train
2782,train
5407,train
279,train
4657,train
4219,train
7880,train
1135,train
7675,train
4655,train
6568,train
7835,train
7456,train
339,train
1028,train
502,train
5679,train
4091,train
5278,train
2223,train
7010,train
6197,train
370,train
3023,train
3861,train
428,train
3297,train
1679,train
3149,train
5350,train
4818,train
3418,train
1993,train
2043,train
1424,train
592,train
1598,train
5527,train
5072,train
3510,train
4138,train
7204,train
2630,train
5039,train
4076,train
7290,train
729,train
4954,train
2657,train
5217,train
4832,train
5223,train
794,train
8030,train
3236,train
2085,train
5993,train
7265,train
5479,train
7211,train
4273,train
6193,train
2529,train
2696,train
5167,train
4844,train
4679,train
1015,train
4767,train
1871,train
6404,train
3384,train
1938,train
4434,train
7337,train
7434,train
133,train
3464,train
4759,train
1025,train
7693,train
4813,train
6744,train
2585,train
3614,train
5916,train
185,train
4159,train
6257,train
1513,train
320,train
2745,train
2814,train
6392,train
1489,train
1848,train
4005,train
6205,train
5118,train
6721,train
3358,train
8105,train
5872,train
6945,train
0,train
4487,train
7892,train
7996,train
7597,train
6298,train
25,train
5852,train
338,train
4325,train
4133,train
7724,train
7419,train
902,train
2437,train
8010,train
4945,train
1814,train
6784,train
7857,train
5498,train
6896,train
59,train
3256,train
6865,train
1278,train
4301,train
7234,train
7682,train
2838,train
5921,train
971,train
4070,train
2460,train
1959,train
6279,train
3034,train
2652,train
4528,train
3229,train
4292,train
6209,train
6616,train
1376,train
4682,train
5734,train
7136,train
5589,train
3664,train
7061,train
6090,train
2466,train
469,train
3773,train
3207,train
6707,train
6956,train
6478,train
4184,train
7728,train
5633,train
8079,train
5429,train
997,train
1006,train
4212,train
4381,train
1073,train
2029,train
1707,train
2687,train
6093,train
2269,train
4633,train
3953,train
8063,train
539,train
1171,train
3642,train
4977,train
5253,train
1196,train
7533,train
5844,train
6570,train
5808,train
2907,train
89,train
2624,train
344,train
819,train
3071,train
5482,train
2114,train
6233,train
3779,train
5212,train
22,train
8015,train
2182,train
6997,train
378,train
4719,train
1077,train
5208,train
4202,train
6751,train
7994,train
4591,train
5822,train
7561,train
5798,train
2894,train
4111,train
3574,train
1502,train
7122,train
6420,train
660,train
7687,train
3934,train
3554,train
6380,train
865,train
2876,train
7077,train
4881,train
2945,train
5985,train
1529,train
3738,train
1142,train
2914,train
3681,train
4667,train
4447,train
4770,train
8043,train
5436,train
8106,train
2390,train
7313,train
1393,train
4351,train
7335,train
7367,train
3014,train
6936,train
2525,train
2864,train
1825,train
4867,train
2737,train
4049,train
1704,train
549,train
6767,train
7003,train
7220,train
3385,train
4186,train
97,train
266,train
1575,train
3964,train
4734,train
3099,train
7831,train
476,train
1378,train
1336,train
3106,train
3232,train
6213,train
6448,train
1960,train
4843,train
4683,train
2097,train
4237,train
3482,train
1362,train
1509,train
1654,train
3981,train
5291,train
4613,train
2959,train
1448,train
4830,train
6303,train
3576,train
4988,train
4409,train
3596,train
1009,train
4190,train
7497,train
4637,train
797,train
7632,train
6051,train
624,train
7039,train
1966,train
1017,train
7,train
3767,train
607,train
1111,train
6691,train
6019,train
3295,train
1712,train
7837,train
1126,train
5228,train
347,train
2153,train
1735,train
3135,train
6277,train
3369,train
6511,train
2113,train
3237,train
7091,train
3199,train
1320,train
5805,train
2372,train
7811,train
2811,train
4573,train
4465,train
5311,train
2369,train
6696,train
5738,train
4235,train
7777,train
5474,train
6264,train
1979,train
1007,train
6297,train
1034,train
6952,train
529,train
7503,train
2227,train
588,train
482,train
7282,train
563,train
274,train
2669,train
6917,train
2798,train
817,train
6124,train
7353,train
7034,train
1864,train
5588,train
5396,train
546,train
5603,train
6704,train
6717,train
7196,train
88,train
3555,train
7442,train
81,train
1668,train
4621,train
6595,train
515,train
839,train
3028,train
400,train
188,train
6129,train
3522,train
7810,train
3905,train
3370,train
161,train
2797,train
6427,train
6860,train
3211,train
3719,train
5106,train
7078,train
7448,train
4547,train
2906,train
842,train
3323,train
642,train
4589,train
5056,train
5430,train
2651,train
2661,train
7557,train
4443,train
700,train
7283,train
2795,train
1344,train
3829,train
1093,train
3846,train
4562,train
6469,train
2597,train
2353,train
820,train
1123,train
1678,train
7787,train
3902,train
7016,train
7297,train
5036,train
989,train
3348,train
3139,train
1197,train
3238,train
4066,train
1388,train
1903,train
407,train
7269,train
3545,train
6460,train
5034,train
795,train
7089,train
3176,train
5326,train
4410,train
1408,train
487,train
3253,train
4678,train
6585,train
4274,train
2091,train
2155,train
6693,train
4723,train
2917,train
4297,train
5203,train
3318,train
6147,train
5129,train
565,train
6407,train
6636,train
3470,train
8034,train
1657,train
5078,train
977,train
3519,train
3904,train
5244,train
4592,train
7708,train
5584,train
8047,train
3697,train
4919,train
7700,train
390,train
6791,train
2886,train
1310,train
3319,train
4861,train
239,train
5909,train
2892,train
5169,train
5386,train
7394,train
3985,train
8062,train
7763,train
5658,train
1495,train
3387,train
3971,train
2583,train
4083,train
1628,train
512,train
694,train
6185,train
430,train
6782,train
6551,train
4268,train
5400,train
2523,train
7183,train
5559,train
7163,train
668,train
2507,train
895,train
2789,train
7366,train
537,train
3073,train
3216,train
1586,train
3282,train
5933,train
4043,train
4776,train
3173,train
6971,train
7026,train
1122,train
7181,train
6671,train
5293,train
4478,train
566,train
6868,train
1859,train
3833,train
2070,train
6657,train
1954,train
386,train
1312,train
6319,train
4510,train
7151,train
3076,train
2378,train
5119,train
2723,train
879,train
5503,train
6411,train
1177,train
167,train
2317,train
4885,train
5768,train
4322,train
297,train
5795,train
5849,train
2221,train
5138,train
3848,train
3875,train
4222,train
2658,train
4559,train
2465,train
2267,train
1425,train
2617,train
7957,train
3854,train
3842,train
6192,train
7628,train
2047,train
3879,train
1187,train
264,train
6883,train
6921,train
3530,train
464,train
190,train
5324,train
3999,train
3497,train
179,train
2598,train
7691,train
4871,train
6542,train
8087,train
2270,train
6219,train
3051,train
656,train
7585,train
4139,train
2891,train
2842,train
7723,train
1072,train
1129,train
7867,train
4060,train
3312,train
6324,train
659,train
2787,train
2545,train
6054,train
4585,train
7824,train
3948,train
5612,train
681,train
3315,train
5195,train
7284,train
6328,train
6163,train
4690,train
4680,train
2643,train
4672,train
5496,train
455,train
2171,train
7993,train
1996,train
5785,train
4620,train
7943,train
2699,train
4797,train
6013,train
3415,train
1139,train
6839,train
6152,train
3223,train
4398,train
6345,train
2222,train
876,train
2015,train
6927,train
3159,train
853,train
6807,train
2930,train
5938,train
4,train
258,train
5165,train
6785,train
807,train
1777,train
4915,train
3103,train
6461,train
4475,train
801,train
3758,train
3428,train
434,train
1971,train
2023,train
2839,train
1873,train
6687,train
5636,train
4445,train
4050,train
2122,train
4414,train
782,train
2985,train
1260,train
2755,train
2080,train
1275,train
6974,train
2989,train
1409,train
2967,train
804,train
2418,train
6318,train
1235,train
2240,train
6253,train
3942,train
7560,train
3392,train
1226,train
7021,train
157,train
2093,train
1232,train
2688,train
252,train
8024,train
1737,train
2082,train
1795,train
398,train
3075,train
5369,train
3047,train
7657,train
3416,train
7508,train
250,train
673,train
5662,train
5140,train
4427,train
7263,train
1383,train
6535,train
1793,train
1865,train
7369,train
7193,train
7192,train
2147,train
5545,train
7773,train
4341,train
5028,train
3273,train
1614,train
6706,train
2612,train
1345,train
7595,train
6084,train
3876,train
3072,train
7776,train
7842,train
3632,train
5059,train
8032,train
3141,train
4736,train
2533,train
5617,train
5470,train
2954,train
5066,train
965,train
5981,train
4131,train
1999,train
5884,train
2458,train
6388,train
5604,train
4527,train
883,train
7685,train
5486,train
1311,train
3266,train
7446,train
6015,train
1202,train
2818,train
3909,train
7375,train
7300,train
3152,train
4962,train
6374,train
254,train
2187,train
1633,train
4923,train
591,train
7328,train
30,train
2848,train
3121,train
6786,train
1845,train
521,train
2682,train
3302,train
933,train
2344,train
7738,train
4425,train
5894,train
4253,train
4574,train
8103,train
2556,train
616,train
6638,train
6018,train
1155,train
5881,train
4275,train
7625,train
2341,train
6333,train
4693,train
5465,train
2511,train
7697,train
6610,train
7587,train
259,train
717,train
4071,train
7525,train
2932,train
2455,train
4485,train
4981,train
6322,train
1701,train
5984,train
8036,train
3499,train
2641,train
2491,train
4575,train
5090,train
7610,train
2582,train
6113,train
3296,train
4029,train
7107,train
6396,train
6587,train
94,train
3084,train
5102,train
2323,train
1643,train
4025,train
1634,train
3217,train
6,train
4032,train
1439,train
1745,train
685,train
3462,train
2288,train
1096,train
5512,train
6620,train
4811,train
4833,train
6275,train
3912,train
4104,train
5497,train
1653,train
2120,train
7305,train
6593,train
7343,train
4950,train
3150,train
6244,train
7156,train
1846,train
1790,train
7301,train
6803,train
5155,train
1400,train
1544,train
5089,train
2912,train
2756,train
3343,train
4181,train
3579,train
2592,train
1095,train
3564,train
5573,train
6533,train
7978,train
1391,train
4794,train
3987,train
7043,train
6756,train
4815,train
2790,train
7333,train
5790,train
1856,train
5557,train
1365,train
124,train
5736,train
5096,train
5967,train
2666,train
3411,train
6249,train
3963,train
4519,train
4247,train
2702,train
299,train
2778,train
1981,train
2609,train
7973,train
314,train
1402,train
3120,train
6381,train
295,train
2747,train
6621,train
3922,train
4257,train
1167,train
80,train
5391,train
4097,train
980,train
1600,train
2586,train
2929,train
1713,train
363,train
2849,train
5533,train
5359,train
6351,train
715,train
7997,train
8112,train
1182,train
6825,train
1720,train
7695,train
5058,train
7090,train
4459,train
1994,train
2375,train
7562,train
6861,train
5487,train
4255,train
456,train
7060,train
5951,train
3105,train
1085,train
6644,train
3172,train
2108,train
3471,train
4773,train
5303,train
926,train
2594,train
2934,train
1779,train
6178,train
658,train
4173,train
712,train
7466,train
7878,train
1976,train
1997,train
5365,train
4201,train
2808,train
6443,train
4588,train
4799,train
1437,train
5040,train
3491,train
5111,train
4084,train
1090,train
1801,train
3543,train
1792,train
5206,train
5970,train
976,train
2827,train
6773,train
5706,train
4108,train
12,train
3675,train
7809,train
6481,train
147,train
1224,train
3030,train
2396,train
1462,train
5007,train
2621,train
4580,train
5713,train
6153,train
8040,train
5528,train
4343,train
2435,train
6487,train
3899,train
7653,train
1248,train
1268,train
2941,train
733,train
6359,train
2640,train
5901,train
3923,train
2603,train
5853,train
4583,train
2883,train
1902,train
1470,train
6908,train
1225,train
558,train
1074,train
6793,train
2820,train
2067,train
7850,train
1283,train
692,train
1169,train
5122,train
6183,train
5797,train
1516,train
1728,train
2564,train
3845,train
5818,train
7507,train
2554,train
2547,train
2949,train
2052,train
1020,train
1297,train
4303,train
3002,train
1337,train
8013,train
8011,train
2855,train
2367,train
4907,train
2660,train
7696,train
1815,train
6107,train
2692,train
19,train
7140,train
6708,train
5618,train
1184,train
6619,train
4947,train
3774,train
6465,train
217,train
408,train
294,train
3466,train
4017,train
948,train
1266,train
1995,train
8007,train
4069,train
6060,train
5182,train
4810,train
2997,train
432,train
6929,train
6458,train
4762,train
2843,train
36,train
2859,train
5965,train
7074,train
543,train
1088,train
800,train
4772,train
1178,train
17,train
5304,train
6528,train
3000,train
3952,train
46,train
3143,train
288,train
8049,train
6023,train
7412,train
5987,train
569,train
7200,train
5463,train
4466,train
5663,train
4450,train
3258,train
5193,train
5895,train
3160,train
2020,train
3454,train
4252,train
4448,train
50,train
5294,train
7358,train
4440,train
1641,train
665,train
214,train
4353,train
5501,train
1554,train
6258,train
7242,train
1453,train
2373,train
416,train
67,train
6410,train
1766,train
26,train
3003,train
2243,train
3184,train
2457,train
2062,train
2170,train
2299,train
1021,train
3753,train
1014,train
302,train
4182,train
7278,train
4675,train
5389,train
1279,train
7640,train
6313,train
1125,train
5084,train
7882,train
1357,train
41,train
7614,train
7694,train
736,train
4007,train
5254,train
2722,train
7422,train
8077,train
1115,train
7823,train
950,train
1945,train
7221,train
2550,train
305,train
6208,train
6510,train
2623,train
272,train
2178,train
899,train
6980,train
4579,train
6245,train
4282,train
7760,train
4619,train
1975,train
2072,train
7608,train
2420,train
1804,train
4831,train
7901,train
176,train
7875,train
4668,train
7199,train
7670,train
2237,train
5862,train
7947,train
2566,train
7368,train
4917,train
3537,train
1341,train
6758,train
7820,train
340,train
3260,train
7334,train
2581,train
5666,train
7270,train
500,train
6417,train
6565,train
8005,train
5229,train
7326,train
6226,train
2045,train
1863,train
4399,train
1174,train
3077,train
1359,train
1929,train
2902,train
7038,train
7398,train
4556,train
2672,train
6171,train
6432,train
7316,train
1479,train
273,train
2158,train
4635,train
1525,train
4995,train
6549,train
5788,train
1180,train
2762,train
4957,train
7400,train
2233,train
5469,train
3685,train
7465,train
4260,train
7121,train
5432,train
4882,train
6001,train
6682,train
2871,train
4015,train
3026,train
664,train
5667,train
3422,train
1465,train
125,train
4364,train
61,train
5532,train
2121,train
8090,train
7380,train
277,train
3349,train
2601,train
5015,train
5703,train
7620,train
3883,train
6505,train
177,train
4157,train
4692,train
381,train
7529,train
1934,train
1322,train
3407,train
211,train
3200,train
3388,train
4821,train
1582,train
7474,train
5372,train
4240,train
337,train
1295,train
2316,train
2033,train
2781,train
5575,train
5605,train
523,train
7664,train
1826,train
3895,train
1076,train
3709,train
116,train
498,train
6294,train
1592,train
930,train
5892,train
5341,train
7186,train
6703,train
7502,train
7534,train
5313,train
5590,train
2487,train
4141,train
4982,train
2342,train
1106,train
1562,train
6996,train
160,train
3567,train
7991,train
7063,train
4545,train
6232,train
7131,train
2453,train
7598,train
2557,train
356,train
7528,train
2751,train
6602,train
7161,train
3165,train
5556,train
805,train
1581,train
479,train
1588,train
5091,train
6355,train
2703,train
1118,train
5426,train
5883,train
2358,train
5191,train
1606,train
2828,train
5371,train
3818,train
5763,train
4124,train
7629,train
24,train
7855,train
2520,train
7570,train
730,train
2973,train
696,train
6701,train
4395,train
6280,train
6495,train
4031,train
1522,train
561,train
3526,train
4804,train
2298,train
3278,train
7834,train
293,train
420,train
5277,train
7404,train
219,train
6842,train
1762,train
2447,train
5375,train
7889,train
4664,train
1120,train
8054,train
4333,train
6166,train
466,train
982,train
7739,train
7900,train
7690,train
5567,train
120,train
5077,train
5230,train
1805,train
1215,train
1990,train
2446,train
2219,train
1922,train
7418,train
7256,train
5555,train
7563,train
5820,train
6946,train
3864,train
7454,train
2416,train
1200,train
2287,train
2230,train
6970,train
269,train
4412,train
2198,train
5271,train
1782,train
2796,train
5237,train
598,train
8050,train
5616,train
5425,train
6800,train
1250,train
3838,train
6428,train
7920,train
6011,train
1024,train
4837,train
2865,train
2197,train
7731,train
5579,train
6601,train
8119,train
3600,train
6373,train
6260,train
354,train
207,train
3743,train
2135,train
2165,train
1301,train
2130,train
1185,train
5499,train
4205,train
1027,train
2845,train
2922,train
780,train
470,train
4756,train
5957,train
6000,train
3424,train
5051,train
8018,train
4745,train
1403,train
6959,train
3919,train
4128,train
2771,train
5643,train
4291,train
4701,train
1366,train
4824,train
501,train
7197,train
5708,train
2136,train
2234,train
891,train
1569,train
4233,train
7425,train
3890,train
1324,train
7662,train
2551,train
3356,train
719,train
3721,train
3707,train
6532,train
5502,train
3857,train
3548,train
1113,train
3635,train
6104,train
2927,train
6895,train
5431,train
2890,train
7923,train
6975,train
3783,train
5201,train
6394,train
210,train
3180,train
2655,train
4598,train
1315,train
7571,train
171,train
7937,train
4858,train
2676,train
767,train
2057,train
3334,train
2819,train
7162,train
7393,train
1788,train
5065,train
2817,train
4929,train
3941,train
2925,train
1940,train
5393,train
4152,train
4312,train
522,train
6337,train
5130,train
2041,train
1435,train
4697,train
2116,train
818,train
5964,train
5740,train
5792,train
3435,train
7971,train
2202,train
626,train
4460,train
2710,train
1674,train
7352,train
3604,train
2786,train
527,train
3821,train
2488,train
556,train
1740,train
3835,train
1635,train
4628,train
1230,train
4416,train
1550,train
862,train
4877,train
6375,train
1188,train
1256,train
6026,train
3569,train
4280,train
2348,train
5751,train
3109,train
5990,train
6933,train
5190,train
7554,train
4392,train
6872,train
1427,train
6931,train
2411,train
6111,train
1181,train
3633,train
703,train
7757,train
2333,train
2880,train
6577,train
1026,train
2204,train
3692,train
1165,train
4376,train
6912,train
13,train
6362,train
3791,train
292,train
1410,train
8057,train
1382,train
322,train
2104,train
5756,train
275,train
155,train
3824,train
2007,train
7869,train
4705,train
4555,train
3823,train
5137,train
5976,train
3399,train
1926,train
3704,train
1648,train
4916,train
3118,train
536,train
6299,train
6994,train
4324,train
1222,train
1043,train
5960,train
2282,train
6586,train
617,train
2694,train
3676,train
4384,train
331,train
7793,train
4500,train
452,train
1338,train
419,train
1829,train
1726,train
5722,train
7948,train
1722,train
2006,train
461,train
3775,train
1987,train
5885,train
2184,train
5225,train
3272,train
4960,train
7066,train
2509,train
1677,train
5097,train
391,train
5110,train
6796,train
6228,train
2479,train
3956,train
6494,train
4748,train
3074,train
1835,train
7636,train
6826,train
5787,train
2674,train
4149,train
2163,train
7506,train
3324,train
6309,train
3643,train
4261,train
6604,train
7654,train
2099,train
2754,train
6833,train
3024,train
7543,train
7769,train
1252,train
402,train
6496,train
1244,train
5300,train
8098,train
7488,train
560,train
4751,train
3595,train
1853,train
3772,train
544,train
611,train
8041,train
5459,train
7240,train
7703,train
4352,train
1526,train
5629,train
2768,train
7317,train
7490,train
7553,train
4802,train
232,train
2443,train
7133,train
4163,train
4805,train
6790,train
6035,train
5041,train
5911,train
1455,train
7599,train
7752,train
921,train
6288,train
5759,train
2185,train
6074,train
5782,train
6391,train
6995,train
2151,train
4724,train
7949,train
4829,train
4013,train
178,train
7504,train
2092,train
471,train
5529,train
6509,train
5780,train
2356,train
230,train
6308,train
1800,train
7092,train
609,train
397,train
1615,train
6504,train
7933,train
2683,train
6617,train
1214,train
5674,train
4192,train
918,train
1107,train
7609,train
6580,train
235,train
1191,train
2102,train
5670,train
5481,train
3357,train
1608,train
7737,train
5468,train
3270,train
6289,train
3747,train
5753,train
3364,train
2715,train
5031,train
5525,train
5834,train
3082,train
510,train
6836,train
6820,train
775,train
4472,train
2391,train
8089,train
7206,train
7416,train
4911,train
5956,train
1373,train
1334,train
4840,train
6740,train
5103,train
8091,train
374,train
4165,train
1935,train
4870,train
2472,train
78,train
2496,train
7761,train
1731,train
6675,train
5592,train
7088,train
162,train
3646,train
1146,train
3705,train
3148,train
577,train
924,train
1367,train
4185,train
4888,train
4454,train
3867,train
1154,train
6846,train
3792,train
4441,train
6062,train
2568,train
1371,train
796,train
7036,train
6962,train
3972,train
5718,train
3531,train
413,train
304,train
1768,train
6059,train
2445,train
53,train
5520,train
1647,train
460,train
2950,train
5273,train
6128,train
4016,train
4862,train
2325,train
1290,train
4539,train
6278,train
7530,train
421,train
843,train
776,train
5204,train
581,train
7410,train
6474,train
1901,train
6534,train
4809,train
5748,train
6314,train
849,train
7753,train
5978,train
3268,train
1308,train
6548,train
1164,train
7885,train
4783,train
6985,train
6434,train
6781,train
6227,train
889,train
6382,train
2352,train
6506,train
5920,train
4509,train
4100,train
2921,train
2505,train
5494,train
6229,train
4741,train
5882,train
1442,train
1948,train
1573,train
6340,train
5635,train
5308,train
7015,train
7559,train
7976,train
7479,train
2719,train
1348,train
952,train
1576,train
684,train
3903,train
7191,train
1004,train
4041,train
1395,train
3337,train
6888,train
5875,train
3130,train
7883,train
5654,train
393,train
7743,train
6433,train
4781,train
4036,train
2571,train
4262,train
2449,train
1665,train
2707,train
5483,train
8001,train
6552,train
4752,train
5809,train
1047,train
1860,train
6955,train
7775,train
2232,train
4673,train
5625,train
379,train
2933,train
3509,train
7643,train
2231,train
7521,train
3372,train
7634,train
2139,train
6712,train
4195,train
3860,train
6768,train
947,train
5347,train
2656,train
7031,train
774,train
5607,train
5025,train
1557,train
6317,train
5596,train
3091,train
5164,train
1884,train
851,train
4442,train
5786,train
4437,train
877,train
1433,train
1110,train
40,train
52,train
323,train
1730,train
213,train
7999,train
5619,train
1632,train
2257,train
2196,train
929,train
5068,train
2499,train
7392,train
6624,train
4901,train
1060,train
4332,train
5282,train
5845,train
6814,train
5448,train
3209,train
7879,train
5811,train
6531,train
4943,train
1567,train
1397,train
129,train
7348,train
44,train
3980,train
2258,train
5316,train
2717,train
4310,train
4467,train
4892,train
4492,train
310,train
3269,train
7584,train
1209,train
3046,train
4073,train
2659,train
6562,train
1321,train
5639,train
763,train
3206,train
1148,train
7298,train
6052,train
1041,train
6086,train
3018,train
1623,train
6248,train
3776,train
4298,train
2873,train
1128,train
1819,train
2206,train
4618,train
4126,train
570,train
1570,train
1744,train
2422,train
557,train
747,train
6480,train
4230,train
1749,train
2994,train
4730,train
7572,train
2587,train
3484,train
2549,train
6150,train
4406,train
5831,train
7510,train
2305,train
2410,train
4554,train
7391,train
2393,train
5215,train
6161,train
5714,train
7005,train
6759,train
429,train
43,train
1240,train
1478,train
7237,train
5699,train
5737,train
4356,train
389,train
7014,train
2058,train
2836,train
4537,train
2677,train
7702,train
4002,train
3950,train
5342,train
7455,train
6010,train
5851,train
1839,train
47,train
6234,train
2569,train
6589,train
3298,train
3478,train
777,train
5815,train
170,train
4295,train
8055,train
5045,train
1242,train
9,train
2327,train
5464,train
6399,train
7475,train
5799,train
4377,train
7047,train
1163,train
5095,train
1698,train
6891,train
3966,train
4057,train
6110,train
1038,train
7736,train
7785,train
6078,train
3749,train
3863,train
6057,train
5079,train
1441,train
1858,train
417,train
709,train
1331,train
3020,train
2456,train
5351,train
3483,train
3565,train
783,train
2774,train
1910,train
5866,train
5537,train
6875,train
6859,train
4283,train
6847,train
6804,train
7615,train
5807,train
1158,train
5906,train
7950,train
102,train
2758,train
710,train
2050,train
2384,train
6910,train
3439,train
3222,train
682,train
385,train
2772,train
6453,train
2834,train
5918,train
2625,train
5323,train
1186,train
150,train
2188,train
4890,train
7426,train
267,train
6640,train
6969,train
7111,train
7130,train
2494,train
5948,train
1346,train
4969,train
5166,train
329,train
5428,train
6429,train
6202,train
1797,train
5650,train
4418,train
5547,train
6144,train
4119,train
837,train
3992,train
3599,train
4898,train
4290,train
6599,train
3851,train
8088,train
4061,train
5148,train
477,train
7575,train
5361,train
2440,train
861,train
6622,train
6765,train
3729,train
5953,train
1160,train
2635,train
2948,train
2504,train
669,train
4924,train
2027,train
7219,train
4689,train
3795,train
744,train
481,train
1816,train
942,train
7427,train
6497,train
2078,train
7647,train
4316,train
2832,train
3893,train
6536,train
3593,train
4974,train
1773,train
166,train
6734,train
1492,train
1977,train
6543,train
7320,train
3740,train
1192,train
2776,train
5355,train
6048,train
4396,train
4048,train
5864,train
4677,train
3187,train
3263,train
7941,train
4904,train
1271,train
4743,train
6951,train
4059,train
2459,train
3433,train
514,train
3873,train
5196,train
979,train
2792,train
831,train
6752,train
4949,train
8121,train
8085,train
5979,train
3826,train
2791,train
5434,train
6409,train
5044,train
3446,train
2701,train
6630,train
6025,train
8071,train
108,train
1162,train
1812,train
7213,train
2098,train
6724,train
2322,train
5627,train
1130,train
6845,train
6211,train
2673,train
1663,train
2918,train
7968,train
7374,train
1355,train
3335,train
531,train
3714,train
6402,train
1246,train
86,train
1875,train
3989,train
7751,train
6155,train
7808,train
5991,train
5509,train
6067,train
280,train
6038,train
1772,train
6525,train
6907,train
7746,train
4646,train
1781,train
3516,train
2084,train
7079,train
2978,train
5767,train
3924,train
18,train
1127,train
5675,train
5318,train
2740,train
5702,train
5687,train
5268,train
6913,train
5357,train
494,train
5408,train
5893,train
5720,train
4542,train
227,train
3403,train
6423,train
1472,train
7315,train
2432,train
6123,train
4920,train
1287,train
5887,train
3321,train
4766,train
621,train
1765,train
641,train
7214,train
1527,train
5806,train
3525,train
308,train
4380,train
7939,train
3618,train
574,train
4167,train
787,train
7921,train
3163,train
4435,train
3583,train
14,train
7819,train
3029,train
7141,train
6920,train
5349,train
7604,train
1721,train
634,train
7917,train
2394,train
4383,train
5162,train
6330,train
2744,train
6926,train
2326,train
584,train
7222,train
3865,train
6164,train
3401,train
5081,train
3124,train
7227,train
6307,train
1318,train
2018,train
4162,train
6547,train
7396,train
7692,train
978,train
4702,train
2869,train
6305,train
7740,train
3762,train
4271,train
6898,train
128,train
840,train
680,train
4347,train
278,train
2201,train
3233,train
439,train
5183,train
4121,train
2064,train
4362,train
3235,train
4436,train
7372,train
1537,train
5857,train
7876,train
8020,train
7452,train
2684,train
4087,train
4464,train
4375,train
7231,train
7716,train
7264,train
1785,train
3979,train
8092,train
6662,train
5510,train
7451,train
1892,train
6311,train
4563,train
1183,train
5936,train
321,train
3812,train
7114,train
2448,train
1407,train
6414,train
7517,train
4422,train
1742,train
7224,train
7356,train
231,train
6190,train
6647,train
4499,train
5354,train
6884,train
2713,train
204,train
6194,train
4834,train
4160,train
5646,train
3649,train
5094,train
3340,train
6748,train
3353,train
4101,train
2654,train
4717,train
7898,train
87,train
6385,train
4906,train
6499,train
5455,train
4479,train
1423,train
3294,train
716,train
1062,train
1523,train
5477,train
7379,train
5113,train
751,train
3852,train
6238,train
812,train
7566,train
6727,train
1764,train
2365,train
3591,train
1438,train
3377,train
2753,train
6575,train
2972,train
6976,train
3055,train
5042,train
5861,train
5047,train
2500,train
1350,train
5694,train
3786,train
6207,train
7187,train
6120,train
7463,train
7812,train
2313,train
3678,train
3540,train
1838,train
1272,train
484,train
640,train
1630,train
7987,train
2290,train
3493,train
7730,train
3668,train
5070,train
5521,train
5333,train
8022,train
1343,train
1134,train
6196,train
1227,train
1211,train
6094,train
6439,train
3049,train
3870,train
4695,train
6236,train
7735,train
5398,train
2810,train
6416,train
1091,train
6231,train
4939,train
1255,train
2712,train
6462,train
6135,train
1719,train
6771,train
5776,train
2068,train
7754,train
2711,train
5008,train
1296,train
7603,train
4154,train
5076,train
1042,train
2763,train
6285,train
1520,train
1203,train
319,train
1746,train
1131,train
3306,train
1445,train
691,train
1963,train
1258,train
2138,train
2493,train
6016,train
3468,train
6284,train
1054,train
6426,train
5915,train
7956,train
1157,train
3327,train
6140,train
6739,train
447,train
2464,train
742,train
3745,train
5762,train
440,train
2210,train
5419,train
2012,train
4866,train
5153,train
2495,train
2749,train
5778,train
2407,train
5626,train
6418,train
7279,train
7118,train
65,train
4473,train
6425,train
2555,train
7701,train
5192,train
4294,train
6983,train
5572,train
1504,train
5093,train
7435,train
2044,train
6050,train
2724,train
6984,train
7906,train
6372,train
1263,train
2646,train
7173,train
7887,train
7868,train
993,train
2249,train
567,train
754,train
5478,train
3559,train
2805,train
6628,train
7954,train
5690,train
6692,train
2516,train
32,train
7742,train
4469,train
3086,train
2510,train
4403,train
1937,train
1176,train
199,train
4239,train
5924,train
3144,train
2548,train
7108,train
3128,train
4199,train
2461,train
1760,train
679,train
4626,train
2161,train
465,train
3125,train
4643,train
4021,train
7116,train
1426,train
2441,train
4125,train
4389,train
1689,train
4944,train
4042,train
5614,train
7981,train
1789,train
6566,train
76,train
3380,train
394,train
1908,train
6237,train
2535,train
2413,train
2752,train
1354,train
6154,train
2128,train
7802,train
1484,train
606,train
1459,train
4137,train
3849,train
324,train
6664,train
2575,train
4570,train
7988,train
3480,train
7310,train
2969,train
1841,train
5476,train
4796,train
5245,train
7485,train
6989,train
441,train
5908,train
5684,train
6848,train
5865,train
15,train
6660,train
2693,train
1639,train
2207,train
7944,train
5221,train
6162,train
7931,train
7798,train
1264,train
4098,train
2431,train
1385,train
1957,train
3722,train
5518,train
4903,train
2492,train
6555,train
1649,train
488,train
2608,train
6678,train
4984,train
1933,train
1962,train
2975,train
7439,train
7054,train
6852,train
2278,train
6200,train
7158,train
3246,train
4117,train
3925,train
4978,train
562,train
6501,train
2615,train
6802,train
115,train
3553,train
7407,train
4987,train
6937,train
7386,train
5489,train
852,train
5139,train
4462,train
6072,train
5531,train
131,train
4203,train
3279,train
6027,train
3013,train
1488,train
2265,train
6184,train
7626,train
313,train
4269,train
7722,train
2573,train
4795,train
7520,train
4217,train
1545,train
3715,train
8122,train
8070,train
8115,train
5226,train
3488,train
1591,train
5549,train
5121,train
2005,train
4731,train
7371,train
27,train
409,train
8026,train
7040,train
475,train
6957,train
643,train
5387,train
7444,train
1821,train
5541,train
7804,train
1986,train
3434,train
3568,train
93,train
7912,train
3882,train
4188,train
343,train
714,train
7576,train
5982,train
7046,train
7788,train
3153,train
3007,train
6436,train
2280,train
5104,train
5610,train
7717,train
7287,train
5500,train
7253,train
2882,train
1691,train
2311,train
7897,train
1786,train
3079,train
2649,train
2732,train
5345,train
728,train
4842,train
2835,train
6964,train
3203,train
4174,train
4825,train
2689,train
4423,train
7646,train
5038,train
5773,train
4983,train
5449,train
913,train
5879,train
3790,train
4515,train
7986,train
2812,train
3158,train
336,train
4371,train
8113,train
3299,train
5986,train
2766,train
6174,train
2354,train
4022,train
2850,train
438,train
6406,train
2804,train
5724,train
4259,train
1057,train
4650,train
7866,train
3195,train
7405,train
5415,train
6655,train
2833,train
7501,train
1198,train
4676,train
8117,train
5302,train
4942,train
5856,train
1690,train
2301,train
1517,train
7445,train
1293,train
3365,train
3512,train
6711,train
3733,train
6806,train
2324,train
6886,train
1112,train
2142,train
4735,train
7720,train
667,train
4228,train
4652,train
4520,train
5945,train
2238,train
4975,train
4986,train
5161,train
5673,train
7437,train
3413,train
4615,train
360,train
3309,train
7839,train
2304,train
5287,train
4209,train
7852,train
1595,train
3251,train
3735,train
7792,train
4536,train
3198,train
7578,train
5606,train
597,train
7420,train
5439,train
1029,train
2647,train
5837,train
6992,train
3243,train
1159,train
4367,train
3092,train
2350,train
3674,train
7094,train
373,train
151,train
6160,train
2622,train
4522,train
2670,train
1734,train
3969,train
5087,train
6967,train
5891,train
1857,train
3550,train
5454,train
1619,train
7350,train
7979,train
6352,train
1906,train
4889,train
4688,train
2531,train
5399,train
7188,train
450,train
5283,train
7311,train
4746,train
6182,train
3641,train
5151,train
594,train
2844,train
4170,train
2474,train
994,train
6438,train
2274,train
7540,train
6049,train
5377,train
4355,train
1144,train
5580,train
6295,train
1251,train
4841,train
3068,train
1852,train
7934,train
3957,train
2110,train
6887,train
3183,train
3598,train
1566,train
934,train
1241,train
4413,train
6335,train
2100,train
551,train
7075,train
4838,train
4132,train
6527,train
6449,train
5146,train
7378,train
7903,train
4512,train
6520,train
5258,train
2087,train
2103,train
1905,train
2199,train
6137,train
2979,train
3505,train
2589,train
2245,train
737,train
6066,train
8056,train
6100,train
1510,train
1105,train
3196,train
1161,train
3761,train
191,train
5184,train
1233,train
7516,train
2417,train
11,train
7062,train
8016,train
3616,train
4420,train
1173,train
6507,train
768,train
3284,train
7215,train
6131,train
5046,train
6329,train
6968,train
5564,train
2129,train
3402,train
1741,train
5392,train
7919,train
1218,train
7381,train
3359,train
3441,train
4046,train
3396,train
6702,train
7049,train
1404,train
3690,train
2377,train
2852,train
966,train
1885,train
548,train
7235,train
4327,train
1946,train
7109,train
2733,train
6273,train
564,train
2059,train
1313,train
2217,train
1687,train
4732,train
6588,train
4187,train
2038,train
5366,train
3742,train
2595,train
7230,train
1286,train
7853,train
5412,train
946,train
718,train
1692,train
236,train
4674,train
2382,train
3226,train
520,train
907,train
4972,train
3524,train
5867,train
8,train
1518,train
4812,train
7431,train
4908,train
3283,train
7041,train
5735,train
4480,train
4529,train
4127,train
6408,train
6828,train
5168,train
2690,train
459,train
974,train
1769,train
4142,train
5571,train
5493,train
3990,train
6591,train
4927,train
6397,train
3167,train
7251,train
3573,train
5719,train
1436,train
6679,train
7044,train
6080,train
3724,train
2132,train
5175,train
2577,train
2212,train
1351,train
5018,train
7085,train
3186,train
4595,train
586,train
1631,train
6405,train
1282,train
1809,train
5462,train
6642,train
3431,train
6634,train
6651,train
5163,train
2115,train
2189,train
2995,train
436,train
4426,train
499,train
365,train
7138,train
6853,train
896,train
7698,train
1149,train
5491,train
6246,train
1951,train
3546,train
5216,train
618,train
3760,train
3134,train
7801,train
535,train
7390,train
7854,train
4107,train
5241,train
2716,train
534,train
5824,train
5830,train
6878,train
3702,train
1756,train
2785,train
4497,train
6349,train
4171,train
1443,train
6127,train
7169,train
7346,train
2424,train
5519,train
2893,train
1045,train
6876,train
4391,train
7052,train
7359,train
7387,train
996,train
5697,train
5086,train
7513,train
7612,train
4370,train
5325,train
1428,train
6718,train
2213,train
4624,train
1469,train
6637,train
5100,train
8045,train
7515,train
4912,train
6338,train
6007,train
5109,train
3378,train
3085,train
2379,train
3859,train
2807,train
366,train
5873,train
4884,train
4740,train
7825,train
1843,train
1285,train
7509,train
689,train
3766,train
7929,train
1618,train
936,train
467,train
3469,train
1253,train
6650,train
1609,train
6176,train
5721,train
5395,train
1992,train
376,train
3265,train
7295,train
6780,train
4744,train
3947,train
45,train
904,train
1965,train
704,train
2073,train
4308,train
6221,train
4511,train
4953,train
435,train
1662,train
5367,train
355,train
3670,train
406,train
4003,train
1695,train
6567,train
7403,train
5586,train
7428,train
5321,train
2730,train
7711,train
645,train
1900,train
437,train
7677,train
2259,train
7464,train
2077,train
7247,train
4806,train
2512,train
6014,train
1431,train
3585,train
5624,train
6009,train
1013,train
3405,train
844,train
727,train
5232,train
2051,train
3100,train
226,train
771,train
4552,train
848,train
3440,train
5926,train
7946,train
7179,train
3027,train
944,train
1175,train
3608,train
3518,train
4623,train
1827,train
4363,train
6099,train
7048,train
4738,train
2916,train
6101,train
4206,train
4970,train
2022,train
5640,train
6424,train
1330,train
2328,train
2610,train
7499,train
212,train
916,train
3423,train
3006,train
114,train
3043,train
7569,train
5514,train
5878,train
457,train
5440,train
738,train
3287,train
3113,train
4218,train
7286,train
4055,train
6327,train
1724,train
540,train
4366,train
3425,train
4502,train
5132,train
6659,train
6360,train
6367,train
5088,train
3410,train
2248,train
2875,train
6939,train
6663,train
326,train
3751,train
6282,train
7841,train
7577,train
4037,train
6241,train
7402,train
6255,train
6400,train
5848,train
7930,train
725,train
3465,train
2086,train
7500,train
835,train
3067,train
117,train
4768,train
4558,train
1577,train
3102,train
2314,train
2558,train
1556,train
1565,train
4551,train
7155,train
4576,train
7470,train
5173,train
6558,train
2010,train
1471,train
4549,train
2421,train
4627,train
2600,train
7223,train
2429,train
6274,train
4277,train
5833,train
7611,train
5099,train
2783,train
3562,train
7022,train
4865,train
7642,train
3147,train
8076,train
7001,train
1530,train
5700,train
7344,train
6442,train
4242,train
7071,train
1239,train
4129,train
7056,train
2956,train
268,train
1974,train
572,train
3472,train
2653,train
4482,train
7511,train
4807,train
2017,train
1205,train
4134,train
8123,train
7105,train
7541,train
6457,train
350,train
5566,train
7065,train
6198,train
4168,train
4067,train
247,train
4220,train
7146,train
5701,train
5071,train
1636,train
720,train
1507,train
2471,train
261,train
6468,train
2308,train
262,train
4914,train
1539,train
6053,train
1757,train
3035,train
7829,train
2735,train
7273,train
3373,train
7249,train
4845,train
7411,train
7097,train
1413,train
2726,train
3930,train
8033,train
105,train
3016,train
291,train
3575,train
6698,train
5030,train
369,train
6096,train
2293,train
7324,train
5539,train
1368,train
4897,train
7884,train
399,train
786,train
3293,train
4056,train
2813,train
3706,train
2405,train
6181,train
4243,train
5247,train
3683,train
1050,train
5930,train
4710,train
4001,train
4006,train
3289,train
6044,train
713,train
898,train
7998,train
6932,train
3280,train
7045,train
959,train
2584,train
5331,train
3789,train
3609,train
1794,train
3915,train
6132,train
6966,train
743,train
5506,train
3194,train
749,train
4790,train
5200,train
2261,train
5733,train
6656,train
2663,train
7891,train
4523,train
6764,train
2297,train
1767,train
3605,train
884,train
6115,train
5954,train
5441,train
7129,train
5998,train
5969,train
4010,train
3346,train
5903,train
7627,train
2381,train
7589,train
4936,train
8084,train
4611,train
939,train
7833,train
4518,train
4788,train
6463,train
312,train
4572,train
866,train
2829,train
2307,train
1717,train
5012,train
4642,train
5585,train
7266,train
5249,train
443,train
7789,train
5681,train
7681,train
5832,train
3580,train
4337,train
5404,train
4822,train
5511,train
985,train
3752,train
4769,train
7239,train
333,train
6286,train
7413,train
956,train
2162,train
6953,train
7648,train
3500,train
1380,train
16,train
2312,train
1924,train
6283,train
4194,train
863,train
3438,train
4798,train
5085,train
554,train
7023,train
5608,train
3058,train
1699,train
2705,train
7340,train
6141,train
875,train
7460,train
8083,train
2957,train
2063,train
4873,train
601,train
7482,train
3145,train
3177,train
4659,train
880,train
7786,train
5144,train
197,train
2881,train
3856,train
8080,train
5209,train
3162,train
4446,train
3782,train
8060,train
4578,train
791,train
1572,train
5467,train
1693,train
1049,train
2404,train
1016,train
3218,train
99,train
4622,train
362,train
5695,train
5668,train
2363,train
4079,train
2476,train
3427,train
6482,train
3450,train
846,train
1329,train
3787,train
6869,train
424,train
792,train
1771,train
1645,train
7289,train
1104,train
7180,train
2011,train
2355,train
2572,train
6569,train
5000,train
1052,train
4455,train
6518,train
6732,train
1883,train
7469,train
3221,train
7535,train
4617,train
7494,train
8096,train
5595,train
3393,train
578,train
6136,train
4765,train
3213,train
1925,train
7057,train
193,train
2008,train
2190,train
1558,train
5435,train
2887,train
368,train
901,train
3781,train
8081,train
8014,train
3219,train
183,train
8021,train
7699,train
380,train
2385,train
37,train
986,train
6729,train
595,train
7774,train
5490,train
1880,train
5896,train
58,train
7139,train
813,train
7928,train
3231,train
194,train
2825,train
992,train
6276,train
4411,train
7362,train
3419,train
7209,train
4120,train
7243,train
1406,train
3836,train
4959,train
6341,train
3395,train
6332,train
5880,train
2503,train
2939,train
5189,train
1761,train
486,train
6017,train
3663,train
7072,train
2224,train
3590,train
855,train
4801,train
1956,train
1882,train
2218,train
2096,train
1706,train
5770,train
4607,train
7409,train
2940,train
5052,train
6606,train
5943,train
6215,train
3182,train
5276,train
5772,train
1579,train
4234,train
2539,train
5657,train
6012,train
5305,train
7630,train
1316,train
7807,train
7417,train
6454,train
4609,train
7762,train
1651,train
3188,train
2765,train
1568,train
5150,train
3036,train
3541,train
156,train
4354,train
2300,train
7958,train
8029,train
3479,train
5145,train
6810,train
6065,train
5931,train
4956,train
4641,train
1347,train
5793,train
1412,train
723,train
599,train
2773,train
3784,train
2977,train
7150,train
988,train
1703,train
5340,train
5907,train
5779,train
7153,train
2345,train
7726,train
5522,train
5745,train
5048,train
405,train
3240,train
5705,train
384,train
4590,train
6039,train
1419,train
6143,train
2415,train
3517,train
2996,train
2371,train
82,train
7008,train
3765,train
7527,train
7894,train
433,train
6873,train
403,train
1798,train
2374,train
3444,train
4869,train
7194,train
4564,train
3164,train
6412,train
3208,train
1194,train
6914,train
6526,train
4728,train
3286,train
5888,train
3012,train
6544,train
7170,train
3686,train
427,train
1414,train
4785,train
5115,train
893,train
1314,train
1849,train
2803,train
5416,train
7689,train
283,train
1710,train
6991,train
79,train
789,train
7478,train
4941,train
7100,train
3,train
2309,train
6762,train
5049,train
6950,train
3515,train
1832,train
773,train
1638,train
2708,train
1655,train
1133,train
2910,train
2160,train
5582,train
1640,train
6376,train
2402,train
4317,train
2946,train
1949,train
5508,train
7349,train
3577,train
2911,train
2590,train
3673,train
6056,train
8069,train
1673,train
4879,train
3379,train
7467,train
7843,train
6684,train
3872,train
1894,train
7828,train
7423,train
6472,train
7713,train
7964,train
5186,train
3657,train
7745,train
8095,train
4051,train
6673,train
4236,train
3205,train
735,train
2241,train
377,train
6437,train
3655,train
7132,train
4158,train
894,train
1548,train
375,train
1851,train
4402,train
2616,train
4211,train
1659,train
5715,train
5329,train
7408,train
6112,train
3129,train
6858,train
332,train
2228,train
5363,train
1543,train
6778,train
7276,train
5973,train
2469,train
4878,train
5402,train
5804,train
1384,train
2517,train
5838,train
5513,train
5158,train
2214,train
3230,train
1612,train
137,train
7007,train
2650,train
4444,train
6672,train
6502,train
6379,train
2131,train
5358,train
4538,train
4323,train
201,train
209,train
2031,train
5157,train
726,train
3300,train
301,train
2532,train
1968,train
830,train
7838,train
6925,train
3736,train
7070,train
4874,train
7293,train
6559,train
6446,train
1289,train
5959,train
4784,train
7068,train
4289,train
7862,train
683,train
6654,train
5473,train
7840,train
6195,train
3885,train
4757,train
5322,train
5761,train
7440,train
7496,train
4172,train
7816,train
953,train
5729,train
4374,train
4792,train
6667,train
6156,train
6830,train
5005,train
5961,train
678,train
6972,train
4965,train
2915,train
4596,train
6607,train
4379,train
4315,train
4993,train
3146,train
1071,train
5006,train
4851,train
7586,train
4848,train
7113,train
5983,train
6584,train
7123,train
7734,train
4826,train
2896,train
2846,train
5912,train
4816,train
1081,train
1700,train
1460,train
6312,train
382,train
6118,train
3463,train
6466,train
5821,train
1854,train
3556,train
5927,train
6680,train
7498,train
7782,train
7680,train
5530,train
257,train
3127,train
5816,train
410,train
4855,train
5669,train
1563,train
5581,train
3900,train
371,train
6726,train
7656,train
7433,train
5420,train
4992,train
6817,train
7678,train
6529,train
635,train
1298,train
6719,train
4718,train
1681,train
4755,train
1943,train
6169,train
317,train
6944,train
559,train
495,train
6444,train
5433,train
7542,train
7053,train
3711,train
3913,train
6368,train
454,train
7652,train
33,train
7733,train
1299,train
1259,train
1714,train
5560,train
4775,train
5409,train
7916,train
3955,train
2679,train
2955,train
2144,train
1487,train
1223,train
7029,train
5583,train
7795,train
4439,train
4000,train
3155,train
701,train
2239,train
1991,train
3712,train
1498,train
1702,train
2004,train
96,train
7339,train
7974,train
5027,train
7142,train
1394,train
158,train
2255,train
1124,train
1452,train
5600,train
2514,train
4207,train
5747,train
7081,train
7623,train
2127,train
2235,train
4189,train
3815,train
7303,train
4940,train
4925,train
2642,train
5890,train
5739,train
6540,train
7907,train
3708,train
5480,train
7268,train
1802,train
5771,train
885,train
7042,train
3212,train
5728,train
3684,train
7365,train
6934,train
613,train
6889,train
7145,train
3421,train
140,train
6688,train
1396,train
821,train
7564,train
3933,train
503,train
1923,train
7952,train
173,train
3142,train
2359,train
5176,train
836,train
3615,train
1109,train
745,train
6224,train
3351,train
6159,train
5035,train
1031,train
823,train
2508,train
1036,train
784,train
3514,train
1818,train
7330,train
5418,train
3224,train
5296,train
5307,train
1920,train
175,train
2695,train
1005,train
6218,train
6581,train
7985,train
1064,train
828,train
6440,train
5252,train
4279,train
1292,train
6903,train
7025,train
1466,train
5447,train
4223,train
1715,train
4215,train
2899,train
962,train
2553,train
6942,train
5060,train
6982,train
991,train
148,train
1928,train
6772,train
7864,train
3718,train
6824,train
3288,train
3317,train
5205,train
6841,train
5152,train
4038,train
138,train
5507,train
8012,train
2992,train
3831,train
1257,train
6799,train
6070,train
1775,train
2637,train
6091,train
3241,train
7581,train
4407,train
3802,train
8075,train
2544,train
7137,train
3341,train
900,train
5749,train
5554,train
6605,train
1836,train
542,train
2430,train
1121,train
5411,train
3414,train
270,train
4359,train
3970,train
2675,train
1725,train
4875,train
7143,train
508,train
2769,train
491,train
4691,train
7965,train
6777,train
4716,train
1676,train
5202,train
1911,train
5836,train
2450,train
1075,train
5765,train
6383,train
7095,train
6102,train
3886,train
711,train
7567,train
5187,train
832,train
3254,train
5368,train
3276,train
3626,train
7233,train
1483,train
1780,train
1521,train
2999,train
6109,train
2442,train
1970,train
7232,train
3228,train
5683,train
1195,train
847,train
7781,train
5082,train
6901,train
2250,train
8086,train
3659,train
4913,train
630,train
6022,train
676,train
2409,train
3977,train
3926,train
504,train
3443,train
7274,train
6240,train
225,train
4800,train
5746,train
628,train
4494,train
5001,train
2263,train
2262,train
7322,train
5257,train
7401,train
3921,train
1063,train
6516,train
3710,train
1533,train
4197,train
7087,train
2419,train
5312,train
1100,train
3631,train
7784,train
5750,train
1624,train
6087,train
1044,train
5061,train
3888,train
4638,train
6681,train
2628,train
5020,train
5569,train
4571,train
1444,train
5999,train
5940,train
5064,train
1417,train
530,train
7518,train
6320,train
2750,train
6669,train
8023,train
4068,train
3571,train
545,train
1559,train
70,train
3255,train
1208,train
3404,train
5932,train
872,train
1,train
6700,train
6452,train
7836,train
6805,train
5725,train
6958,train
7846,train
646,train
1349,train
2953,train
493,train
7019,train
5526,train
6633,train
964,train
4777,train
5424,train
4541,train
1828,train
5211,train
6263,train
5126,train
1281,train
3973,train
7579,train
5934,train
4394,train
4505,train
3227,train
1434,train
1335,train
5810,train
4145,train
7406,train
5551,train
573,train
5661,train
7899,train
7205,train
2002,train
7870,train
1861,train
5917,train
3578,train
3932,train
2303,train
5540,train
6821,train
4846,train
6254,train
6521,train
7847,train
5752,train
2025,train
256,train
8104,train
2962,train
1667,train
6947,train
4368,train
6398,train
8109,train
463,train
4750,train
6216,train
1607,train
652,train
6787,train
1476,train
7873,train
3367,train
2088,train
6097,train
7495,train
2884,train
2926,train
2567,train
7960,train
7203,train
1675,train
5971,train
2166,train
4996,train
5859,train
5944,train
3785,train
7953,train
4082,train
1463,train
2042,train
2618,train
2400,train
4859,train
2599,train
7260,train
3592,train
3892,train
5127,train
869,train
920,train
3694,train
1501,train
5742,train
2728,train
5379,train
6291,train
7277,train
538,train
7281,train
7600,train
5381,train
7821,train
7327,train
1323,train
2665,train
4116,train
6484,train
6686,train
3345,train
2847,train
5128,train
5267,train
1931,train
5576,train
174,train
6760,train
7309,train
7874,train
2349,train
2823,train
6563,train
1919,train
4569,train
1356,train
937,train
4122,train
1506,train
3716,train
7532,train
6867,train
4714,train
3732,train
2395,train
2620,train
1803,train
2546,train
5623,train
6843,train
5266,train
3138,train
6735,train
2149,train
7966,train
5904,train
6713,train
4973,train
5898,train
4669,train
4349,train
7624,train
6741,train
4670,train
73,train
2937,train
5009,train
5803,train
4345,train
886,train
7013,train
4513,train
7453,train
6222,train
7166,train
6822,train
7910,train
3090,train
2343,train
2988,train
3193,train
3285,train
2903,train
2826,train
4433,train
5063,train
2870,train
6133,train
3060,train
6629,train
5033,train
2644,train
7905,train
2490,train
2001,train
7228,train
3809,train
1915,train
7174,train
4933,train
2947,train
1512,train
5854,train
3065,train
2470,train
2685,train
6186,train
7471,train
905,train
3662,train
3492,train
2321,train
7430,train
6710,train
524,train
5014,train
3723,train
3503,train
3841,train
6774,train
1810,train
5310,train
2866,train
6030,train
4531,train
5744,train
6235,train
1491,train
1751,train
2627,train
6029,train
3756,train
2970,train
3089,train
7826,train
5069,train
4561,train
2574,train
3975,train
5233,train
7354,train
2528,train
6459,train
6809,train
5011,train
3485,train
5135,train
6479,train
4899,train
1033,train
6003,train
6348,train
3907,train
5213,train
5794,train
2427,train
3688,train
6088,train
3495,train
2428,train
4164,train
4058,train
1449,train
3412,train
1213,train
1953,train
1540,train
4880,train
516,train
1528,train
3037,train
5574,train
4198,train
1787,train
1874,train
4030,train
5599,train
446,train
4431,train
4803,train
6626,train
5523,train
4147,train
3691,train
5946,train
1753,train
3929,train
1008,train
5016,train
7902,train
6919,train
2602,train
3558,train
5558,train
5125,train
5250,train
7574,train
7027,train
7764,train
4666,train
3995,train
1589,train
3375,train
3880,train
4314,train
3477,train
8028,train
198,train
4293,train
5692,train
1138,train
5587,train
445,train
4955,train
7028,train
2565,train
2664,train
3844,train
4004,train
8065,train
7462,train
882,train
2277,train
2739,train
7424,train
6339,train
2242,train
3850,train
7512,train
2145,train
2816,train
2984,train
1307,train
2614,train
5219,train
5194,train
2519,train
6139,train
954,train
6363,train
3701,train
3496,train
7385,train
5378,train
686,train
7607,train
4991,train
3170,train
2591,train
4405,train
4193,train
1862,train
3816,train
5295,train
