Index,Encoded,Meaning
0,odor_a,odor = almond
1,odor_c,odor = creosote
2,odor_f,odor = foul
3,odor_l,odor = anise
4,odor_m,odor = musty
5,odor_n,odor = none
6,odor_p,odor = pungent
7,odor_s,odor = spicy
8,odor_y,odor = fishy
9,spore-print-color_b,spore color = buff
10,spore-print-color_h,spore color = chocolate
11,spore-print-color_k,spore color = black
12,spore-print-color_n,spore color = brown
13,spore-print-color_o,spore color = orange
14,spore-print-color_r,spore color = green
15,spore-print-color_u,spore color = purple
16,spore-print-color_w,spore color = white
17,spore-print-color_y,spore color = yellow
18,ring-type_e,ring type = evanescent
19,ring-type_f,ring type = flaring
20,ring-type_l,ring type = large
21,ring-type_n,ring type = none
22,ring-type_p,ring type = pendant
23,stalk-surface-below-ring_f,surface below ring = fibrous
24,stalk-surface-below-ring_k,surface below ring = silky
25,stalk-surface-below-ring_s,surface below ring = smooth
26,stalk-surface-below-ring_y,surface below ring = scaly
27,gill-size_b,gill size = broad
28,gill-size_n,gill size = narrow
